File Name,Corresponding Data Point,Maximum Subtraction
"[A3-02-4um-01,SET-RESET,1,8_6_2024 12_18_23 PM].csv",2.05,0.00031121999999999996
"[A3-02-4um-01,SET-RESET,1,8_6_2024 12_18_29 PM].csv",1.225,0.00042349999999999994
"[A3-02-4um-01,SET-RESET,1,8_6_2024 12_18_35 PM].csv",0.925,0.000453022
"[A3-02-4um-01,SET-RESET,1,8_6_2024 12_18_41 PM].csv",1.1,0.000452606
"[A3-02-4um-01,SET-RESET,1,8_6_2024 12_18_47 PM].csv",1.3,0.000428558
"[A3-02-4um-01,SET-RESET,1,8_6_2024 12_18_54 PM].csv",1.1,0.00044528199999999997
"[A3-02-4um-01,SET-RESET,1,8_6_2024 12_19_00 PM].csv",1.1,0.00045260799999999996
"[A3-02-4um-01,SET-RESET,1,8_6_2024 12_19_06 PM].csv",1.225,0.000440594
"[A3-02-4um-01,SET-RESET,1,8_6_2024 12_19_12 PM].csv",1.125,0.000445852
"[A3-02-4um-01,SET-RESET,1,8_6_2024 12_19_18 PM].csv",1.025,0.00046359799999999996
"[A3-02-4um-01,SET-RESET,1,8_6_2024 12_19_24 PM].csv",1.275,0.00043089399999999997
"[A3-02-4um-01,SET-RESET,1,8_6_2024 12_19_30 PM].csv",1.05,0.00046028
"[A3-02-4um-01,SET-RESET,1,8_6_2024 12_19_37 PM].csv",0.8,0.000482516
"[A3-02-4um-01,SET-RESET,1,8_6_2024 12_19_43 PM].csv",1.05,0.000466714
"[A3-02-4um-01,SET-RESET,1,8_6_2024 12_19_49 PM].csv",1.075,0.000464058
"[A3-02-4um-01,SET-RESET,1,8_6_2024 12_19_55 PM].csv",1.25,0.00044073399999999997
"[A3-02-4um-01,SET-RESET,1,8_6_2024 12_20_01 PM].csv",1.375,0.00042061999999999997
"[A3-02-4um-01,SET-RESET,1,8_6_2024 12_20_07 PM].csv",0.85,0.000471122
"[A3-02-4um-01,SET-RESET,1,8_6_2024 12_20_13 PM].csv",1.3,0.000431268
"[A3-02-4um-01,SET-RESET,1,8_6_2024 12_20_20 PM].csv",1.05,0.00046672399999999996
"[A3-02-4um-02,SET-RESET,2,8_6_2024 12_28_06 PM].csv",1.05,0.00015013399999999998
"[A3-02-4um-02,SET-RESET,2,8_6_2024 12_28_12 PM].csv",1.725,4.4760000000000025e-05
"[A3-02-4um-02,SET-RESET,2,8_6_2024 12_28_19 PM].csv",1.325,6.472000000000004e-05
"[A3-02-4um-02,SET-RESET,2,8_6_2024 12_28_25 PM].csv",1.35,4.270000000000001e-05
"[A3-02-4um-03,SET-RESET,3,8_6_2024 12_31_08 PM].csv",2.7,0.00049988002
"[A3-02-4um-03,SET-RESET,3,8_6_2024 12_31_14 PM].csv",1.05,0.0004970418
"[A3-02-4um-03,SET-RESET,3,8_6_2024 12_31_20 PM].csv",1.125,0.0004982445
"[A3-02-4um-03,SET-RESET,3,8_6_2024 12_31_27 PM].csv",1.075,0.0004958103
"[A3-02-4um-03,SET-RESET,3,8_6_2024 12_31_33 PM].csv",0.925,0.0004966155
"[A3-02-4um-03,SET-RESET,3,8_6_2024 12_31_39 PM].csv",0.9,0.0004930297
"[A3-02-4um-03,SET-RESET,3,8_6_2024 12_31_45 PM].csv",1.075,0.00049933128
"[A3-02-4um-03,SET-RESET,3,8_6_2024 12_31_52 PM].csv",0.725,0.0004934717999999999
"[A3-02-4um-03,SET-RESET,3,8_6_2024 12_31_58 PM].csv",0.875,0.0004966235
"[A3-02-4um-03,SET-RESET,3,8_6_2024 12_32_04 PM].csv",0.775,0.0004920377
"[A3-02-4um-03,SET-RESET,3,8_6_2024 12_32_11 PM].csv",0.85,0.0004898341
"[A3-02-4um-03,SET-RESET,3,8_6_2024 12_32_17 PM].csv",0.925,0.0004942368
"[A3-02-4um-03,SET-RESET,3,8_6_2024 12_32_24 PM].csv",0.9,0.0004973291
"[A3-02-4um-03,SET-RESET,3,8_6_2024 12_32_30 PM].csv",0.85,0.0004960750999999999
"[A3-02-4um-03,SET-RESET,3,8_6_2024 12_32_36 PM].csv",0.975,0.0004953676999999999
"[A3-02-4um-03,SET-RESET,3,8_6_2024 12_32_42 PM].csv",1.0,0.0004994633
"[A3-02-4um-03,SET-RESET,3,8_6_2024 12_32_48 PM].csv",0.925,0.0004968468
"[A3-02-4um-03,SET-RESET,3,8_6_2024 12_32_54 PM].csv",0.725,0.0004965243
"[A3-02-4um-03,SET-RESET,3,8_6_2024 12_33_00 PM].csv",0.9,0.0004934887
"[A3-02-4um-03,SET-RESET,3,8_6_2024 12_33_07 PM].csv",0.95,0.0004973697
"[A3-02-4um-04,SET-RESET,4,8_6_2024 12_34_38 PM].csv",1.175,0.00011821999999999999
"[A3-02-4um-04,SET-RESET,4,8_6_2024 12_34_45 PM].csv",0.825,0.00047738399999999997
"[A3-02-4um-04,SET-RESET,4,8_6_2024 12_34_51 PM].csv",0.925,0.000476002
"[A3-02-4um-04,SET-RESET,4,8_6_2024 12_34_57 PM].csv",1.025,0.00023685999999999998
"[A3-02-4um-04,SET-RESET,4,8_6_2024 12_35_03 PM].csv",0.9,0.00047958399999999997
"[A3-02-4um-04,SET-RESET,4,8_6_2024 12_35_09 PM].csv",0.975,0.0002984
"[A3-02-4um-04,SET-RESET,4,8_6_2024 12_35_15 PM].csv",0.825,0.00047943199999999996
"[A3-02-4um-04,SET-RESET,4,8_6_2024 12_35_21 PM].csv",1.025,0.000481754
"[A3-02-4um-04,SET-RESET,4,8_6_2024 12_35_28 PM].csv",0.675,0.0004918906
"[A3-02-4um-04,SET-RESET,4,8_6_2024 12_35_33 PM].csv",1.0,0.00042684
"[A3-02-4um-04,SET-RESET,4,8_6_2024 12_35_39 PM].csv",1.05,0.00035606
"[A3-02-4um-04,SET-RESET,4,8_6_2024 12_35_46 PM].csv",0.75,0.00048806399999999997
"[A3-02-4um-04,SET-RESET,4,8_6_2024 12_35_52 PM].csv",0.875,0.0004893432
"[A3-02-4um-04,SET-RESET,4,8_6_2024 12_35_58 PM].csv",0.9,0.0004938572
"[A3-02-4um-04,SET-RESET,4,8_6_2024 12_36_04 PM].csv",0.725,0.000481072
"[A3-02-4um-04,SET-RESET,4,8_6_2024 12_36_10 PM].csv",0.75,0.0004942687
"[A3-02-4um-04,SET-RESET,4,8_6_2024 12_36_16 PM].csv",0.9,0.0004930596
"[A3-02-4um-04,SET-RESET,4,8_6_2024 12_36_22 PM].csv",0.8,0.0004927999999999999
"[A3-02-4um-04,SET-RESET,4,8_6_2024 12_36_29 PM].csv",0.8,0.0004935351
"[A3-02-4um-04,SET-RESET,4,8_6_2024 12_36_36 PM].csv",0.9,0.0004932554
"[A3-02-4um-05,SET-RESET,5,8_6_2024 12_37_38 PM].csv",1.2,0.00031417399999999996
"[A3-02-4um-05,SET-RESET,5,8_6_2024 12_37_44 PM].csv",0.65,0.00025176
"[A3-02-4um-05,SET-RESET,5,8_6_2024 12_37_50 PM].csv",0.725,0.000227814
"[A3-02-4um-05,SET-RESET,5,8_6_2024 12_37_56 PM].csv",0.9,0.0004919287
"[A3-02-4um-05,SET-RESET,5,8_6_2024 12_38_02 PM].csv",0.775,0.0004931487
"[A3-02-4um-05,SET-RESET,5,8_6_2024 12_38_08 PM].csv",0.875,0.0003981201
"[A3-02-4um-05,SET-RESET,5,8_6_2024 12_38_14 PM].csv",0.575,0.0003829288
"[A3-02-4um-05,SET-RESET,5,8_6_2024 12_38_20 PM].csv",0.875,0.0004943584
"[A3-02-4um-05,SET-RESET,5,8_6_2024 12_38_27 PM].csv",0.725,0.0003850018
"[A3-02-4um-05,SET-RESET,5,8_6_2024 12_38_33 PM].csv",0.95,0.0003390509
"[A3-02-4um-05,SET-RESET,5,8_6_2024 12_38_39 PM].csv",0.875,0.0003171044
"[A3-02-4um-05,SET-RESET,5,8_6_2024 12_38_45 PM].csv",0.9,0.0004914922999999999
"[A3-02-4um-05,SET-RESET,5,8_6_2024 12_38_51 PM].csv",0.825,0.000481504
"[A3-02-4um-05,SET-RESET,5,8_6_2024 12_38_58 PM].csv",0.7,0.0004919792
"[A3-02-4um-05,SET-RESET,5,8_6_2024 12_39_04 PM].csv",0.95,0.000283276
"[A3-02-4um-05,SET-RESET,5,8_6_2024 12_39_10 PM].csv",0.75,0.000249858
"[A3-02-4um-05,SET-RESET,5,8_6_2024 12_39_16 PM].csv",0.825,0.000283994
"[A3-02-4um-05,SET-RESET,5,8_6_2024 12_39_22 PM].csv",0.8,0.0002851308
"[A3-02-4um-05,SET-RESET,5,8_6_2024 12_39_28 PM].csv",0.95,0.000315168
"[A3-02-4um-05,SET-RESET,5,8_6_2024 12_39_34 PM].csv",0.925,0.000479926
"[A3-02-4um-06,SET-RESET,6,8_6_2024 12_41_51 PM].csv",2.5500000000000003,0.000485832
"[A3-02-4um-06,SET-RESET,6,8_6_2024 12_41_57 PM].csv",0.95,0.0002592
"[A3-02-4um-06,SET-RESET,6,8_6_2024 12_42_04 PM].csv",1.0,0.00030848
"[A3-02-4um-06,SET-RESET,6,8_6_2024 12_42_10 PM].csv",0.975,0.00035342
"[A3-02-4um-06,SET-RESET,6,8_6_2024 12_42_16 PM].csv",1.0,0.0003147
"[A3-02-4um-06,SET-RESET,6,8_6_2024 12_42_22 PM].csv",1.025,0.0004956299999999999
"[A3-02-4um-06,SET-RESET,6,8_6_2024 12_42_28 PM].csv",1.0,0.0004973836
"[A3-02-4um-06,SET-RESET,6,8_6_2024 12_42_34 PM].csv",0.925,0.0004912996
"[A3-02-4um-06,SET-RESET,6,8_6_2024 12_42_40 PM].csv",1.025,0.0004942133
"[A3-02-4um-06,SET-RESET,6,8_6_2024 12_42_46 PM].csv",1.05,0.0004966926
"[A3-02-4um-06,SET-RESET,6,8_6_2024 12_42_53 PM].csv",0.95,0.0004960269
"[A3-02-4um-06,SET-RESET,6,8_6_2024 12_42_59 PM].csv",0.825,0.0004962052
"[A3-02-4um-06,SET-RESET,6,8_6_2024 12_43_06 PM].csv",1.125,0.0004969725
"[A3-02-4um-06,SET-RESET,6,8_6_2024 12_43_12 PM].csv",0.875,0.0004899202
"[A3-02-4um-06,SET-RESET,6,8_6_2024 12_43_18 PM].csv",0.925,0.0004970463999999999
"[A3-02-4um-06,SET-RESET,6,8_6_2024 12_43_25 PM].csv",1.1,0.0004959361
"[A3-02-4um-06,SET-RESET,6,8_6_2024 12_43_31 PM].csv",1.025,0.0004978924
"[A3-02-4um-06,SET-RESET,6,8_6_2024 12_43_38 PM].csv",0.95,0.0004970193999999999
"[A3-02-4um-06,SET-RESET,6,8_6_2024 12_43_44 PM].csv",1.15,0.0004969207
"[A3-02-4um-06,SET-RESET,6,8_6_2024 12_43_51 PM].csv",1.025,0.0004965895
"[A3-02-4um-07,SET-RESET,7,8_6_2024 12_45_57 PM].csv",1.125,0.00022008
"[A3-02-4um-07,SET-RESET,7,8_6_2024 12_46_03 PM].csv",0.95,0.00019928
"[A3-02-4um-07,SET-RESET,7,8_6_2024 12_46_09 PM].csv",0.875,0.0004912592
"[A3-02-4um-07,SET-RESET,7,8_6_2024 12_46_15 PM].csv",0.675,0.000477052
"[A3-02-4um-07,SET-RESET,7,8_6_2024 12_46_21 PM].csv",0.775,0.000479792
"[A3-02-4um-07,SET-RESET,7,8_6_2024 12_46_27 PM].csv",0.875,0.0004929594
"[A3-02-4um-07,SET-RESET,7,8_6_2024 12_46_34 PM].csv",0.825,0.0004912968
"[A3-02-4um-07,SET-RESET,7,8_6_2024 12_46_40 PM].csv",0.85,0.0004897819
"[A3-02-4um-07,SET-RESET,7,8_6_2024 12_46_47 PM].csv",1.0,0.00037403999999999996
"[A3-02-4um-07,SET-RESET,7,8_6_2024 12_46_54 PM].csv",0.925,0.0004923503999999999
"[A3-02-4um-07,SET-RESET,7,8_6_2024 12_47_00 PM].csv",0.85,0.00039087599999999996
"[A3-02-4um-07,SET-RESET,7,8_6_2024 12_47_07 PM].csv",0.875,0.0004934027999999999
"[A3-02-4um-07,SET-RESET,7,8_6_2024 12_47_13 PM].csv",0.825,0.0004908
"[A3-02-4um-07,SET-RESET,7,8_6_2024 12_47_19 PM].csv",0.975,0.000487164
"[A3-02-4um-07,SET-RESET,7,8_6_2024 12_47_26 PM].csv",1.15,0.00032392
"[A3-02-4um-07,SET-RESET,7,8_6_2024 12_47_32 PM].csv",1.05,0.0003532
"[A3-02-4um-07,SET-RESET,7,8_6_2024 12_47_38 PM].csv",0.95,0.00038449999999999997
"[A3-02-4um-07,SET-RESET,7,8_6_2024 12_47_44 PM].csv",0.95,0.000486696
"[A3-02-4um-07,SET-RESET,7,8_6_2024 12_47_50 PM].csv",0.925,0.0004923989
"[A3-02-4um-07,SET-RESET,7,8_6_2024 12_47_57 PM].csv",0.9,0.000485448
"[A3-02-4um-08,SET-RESET,8,8_6_2024 12_53_58 PM].csv",1.325,0.00021192
"[A3-02-4um-08,SET-RESET,8,8_6_2024 12_54_04 PM].csv",0.85,0.000487948
"[A3-02-4um-08,SET-RESET,8,8_6_2024 12_54_11 PM].csv",0.875,0.00033065389999999996
"[A3-02-4um-08,SET-RESET,8,8_6_2024 12_54_17 PM].csv",0.9,0.00033896
"[A3-02-4um-08,SET-RESET,8,8_6_2024 12_54_23 PM].csv",0.85,0.0004920335
"[A3-02-4um-08,SET-RESET,8,8_6_2024 12_54_29 PM].csv",0.8,0.000390914
"[A3-02-4um-08,SET-RESET,8,8_6_2024 12_54_35 PM].csv",0.8,0.0004924651
"[A3-02-4um-08,SET-RESET,8,8_6_2024 12_54_41 PM].csv",0.8,0.0004940438
"[A3-02-4um-08,SET-RESET,8,8_6_2024 12_54_47 PM].csv",0.65,0.0004939737
"[A3-02-4um-08,SET-RESET,8,8_6_2024 12_54_53 PM].csv",0.675,0.0004910331999999999
"[A3-02-4um-08,SET-RESET,8,8_6_2024 12_54_59 PM].csv",1.0,0.0004961216
"[A3-02-4um-08,SET-RESET,8,8_6_2024 12_55_06 PM].csv",0.925,0.00037028
"[A3-02-4um-08,SET-RESET,8,8_6_2024 12_55_12 PM].csv",0.825,0.0004934887
"[A3-02-4um-08,SET-RESET,8,8_6_2024 12_55_18 PM].csv",1.1,0.00046254399999999995
"[A3-02-4um-08,SET-RESET,8,8_6_2024 12_55_25 PM].csv",0.8,0.0004904478
"[A3-02-4um-08,SET-RESET,8,8_6_2024 12_55_31 PM].csv",0.9,0.00048315399999999996
"[A3-02-4um-08,SET-RESET,8,8_6_2024 12_55_37 PM].csv",0.825,0.0004939912
"[A3-02-4um-08,SET-RESET,8,8_6_2024 12_55_43 PM].csv",0.95,0.00048349
"[A3-02-4um-08,SET-RESET,8,8_6_2024 12_55_50 PM].csv",1.075,0.0004943753999999999
"[A3-02-4um-08,SET-RESET,8,8_6_2024 12_55_56 PM].csv",0.875,0.0004929406
"[A3-02-4um-09,SET-RESET,9,8_6_2024 12_58_40 PM].csv",2.4250000000000003,0.00020164000000000005
"[A3-02-4um-09,SET-RESET,9,8_6_2024 12_58_47 PM].csv",1.225,0.00023351999999999997
"[A3-02-4um-09,SET-RESET,9,8_6_2024 12_58_53 PM].csv",0.925,0.00036914
"[A3-02-4um-09,SET-RESET,9,8_6_2024 12_58_59 PM].csv",1.05,0.00028008
"[A3-02-4um-09,SET-RESET,9,8_6_2024 12_59_05 PM].csv",1.1,0.00023206000000000002
"[A3-02-4um-09,SET-RESET,9,8_6_2024 12_59_11 PM].csv",1.525,0.00022844
"[A3-02-4um-09,SET-RESET,9,8_6_2024 12_59_17 PM].csv",1.425,0.00026148
"[A3-02-4um-09,SET-RESET,9,8_6_2024 12_59_23 PM].csv",1.475,0.00026995999999999997
"[A3-02-4um-09,SET-RESET,9,8_6_2024 12_59_29 PM].csv",0.95,0.00038971199999999996
"[A3-02-4um-09,SET-RESET,9,8_6_2024 12_59_35 PM].csv",1.075,0.00037613999999999996
"[A3-02-4um-09,SET-RESET,9,8_6_2024 12_59_41 PM].csv",0.9,0.000418622
"[A3-02-4um-09,SET-RESET,9,8_6_2024 12_59_47 PM].csv",1.025,0.000395162
"[A3-02-4um-09,SET-RESET,9,8_6_2024 12_59_54 PM].csv",1.0,0.00040407599999999996
"[A3-02-4um-09,SET-RESET,9,8_6_2024 1_00_01 PM].csv",0.875,0.000421894
"[A3-02-4um-09,SET-RESET,9,8_6_2024 1_00_07 PM].csv",1.325,0.0002674
"[A3-02-4um-09,SET-RESET,9,8_6_2024 1_00_14 PM].csv",0.9,0.000428506
"[A3-02-4um-09,SET-RESET,9,8_6_2024 1_00_20 PM].csv",1.225,0.00029914000000000004
"[A3-02-4um-09,SET-RESET,9,8_6_2024 1_00_26 PM].csv",0.95,0.00041245599999999996
"[A3-02-4um-09,SET-RESET,9,8_6_2024 1_00_32 PM].csv",1.25,0.00033542
"[A3-02-4um-09,SET-RESET,9,8_6_2024 1_00_39 PM].csv",1.1,0.0003137
"[A3-02-4um-10,SET-RESET,10,8_6_2024 1_01_30 PM].csv",0.5,3.753999999999997e-05
"[A3-02-4um-10,SET-RESET,10,8_6_2024 1_01_36 PM].csv",0.425,4.431999999999998e-05
"[A3-02-4um-10,SET-RESET,10,8_6_2024 1_01_42 PM].csv",0.5,3.5840000000000036e-05
"[A3-02-4um-10,SET-RESET,10,8_6_2024 1_01_48 PM].csv",0.125,6.184000000000002e-05
"[A3-02-4um-10,SET-RESET,10,8_6_2024 1_01_55 PM].csv",0.125,6.352000000000002e-05
"[A3-02-4um-10,SET-RESET,10,8_6_2024 1_02_03 PM].csv",0.125,6.034000000000001e-05
"[A3-02-4um-10,SET-RESET,10,8_6_2024 1_02_12 PM].csv",2.65,3.0343599999999995e-08
"[A3-02-4um-10,SET-RESET,10,8_6_2024 1_02_19 PM].csv",0.075,5.073799999999999e-05
"[A3-02-4um-10,SET-RESET,10,8_6_2024 1_02_27 PM].csv",0.125,6.178e-05
"[A3-02-4um-10,SET-RESET,10,8_6_2024 1_02_32 PM].csv",0.15,5.318e-05
"[A3-02-4um-10,SET-RESET,10,8_6_2024 1_02_39 PM].csv",0.225,4.952e-05
"[A3-02-4um-10,SET-RESET,10,8_6_2024 1_02_47 PM].csv",1.125,0.000500042491
"[A3-02-4um-10,SET-RESET,10,8_6_2024 1_02_53 PM].csv",0.425,3.516000000000001e-05
"[A3-02-4um-10,SET-RESET,10,8_6_2024 1_03_00 PM].csv",0.225,4.687999999999996e-05
"[A3-02-4um-10,SET-RESET,10,8_6_2024 1_03_06 PM].csv",0.5,3.322000000000004e-05
"[A3-02-4um-10,SET-RESET,10,8_6_2024 1_03_12 PM].csv",0.475,3.062000000000003e-05
"[A3-02-4um-10,SET-RESET,10,8_6_2024 1_03_20 PM].csv",0.45,0.00013443599999999998
"[A3-02-4um-10,SET-RESET,10,8_6_2024 1_03_26 PM].csv",0.525,3.393999999999999e-05
"[A3-02-4um-10,SET-RESET,10,8_6_2024 1_03_32 PM].csv",0.525,3.066000000000001e-05
"[A3-02-4um-10,SET-RESET,10,8_6_2024 1_03_38 PM].csv",0.075,6.277999999999999e-05
"[A3-02-4um-11,SET-RESET,11,8_6_2024 1_06_01 PM].csv",0.875,0.000297136
"[A3-02-4um-11,SET-RESET,11,8_6_2024 1_06_07 PM].csv",0.85,9.941999999999997e-05
"[A3-02-4um-11,SET-RESET,11,8_6_2024 1_06_13 PM].csv",0.75,0.000311078
"[A3-02-4um-11,SET-RESET,11,8_6_2024 1_06_19 PM].csv",0.725,0.000164686
"[A3-02-4um-11,SET-RESET,11,8_6_2024 1_06_25 PM].csv",0.75,0.00016846
"[A3-02-4um-11,SET-RESET,11,8_6_2024 1_06_31 PM].csv",0.825,8.236000000000002e-05
"[A3-02-4um-11,SET-RESET,11,8_6_2024 1_06_38 PM].csv",0.775,8.442000000000001e-05
"[A3-02-4um-11,SET-RESET,11,8_6_2024 1_06_44 PM].csv",0.725,0.000191168
"[A3-02-4um-11,SET-RESET,11,8_6_2024 1_06_51 PM].csv",0.775,0.00011794
"[A3-02-4um-11,SET-RESET,11,8_6_2024 1_06_57 PM].csv",0.7,9.180599999999997e-05
"[A3-02-4um-11,SET-RESET,11,8_6_2024 1_07_03 PM].csv",0.875,0.00014136
"[A3-02-4um-11,SET-RESET,11,8_6_2024 1_07_09 PM].csv",0.85,7.963999999999996e-05
"[A3-02-4um-11,SET-RESET,11,8_6_2024 1_07_15 PM].csv",0.9,0.00018032
"[A3-02-4um-11,SET-RESET,11,8_6_2024 1_07_21 PM].csv",0.8,7.225999999999999e-05
"[A3-02-4um-11,SET-RESET,11,8_6_2024 1_07_28 PM].csv",0.875,0.00017626000000000002
"[A3-02-4um-11,SET-RESET,11,8_6_2024 1_07_34 PM].csv",0.775,0.00019414
"[A3-02-4um-11,SET-RESET,11,8_6_2024 1_07_40 PM].csv",0.825,0.000247034
"[A3-02-4um-11,SET-RESET,11,8_6_2024 1_07_47 PM].csv",0.65,0.00010017799999999999
"[A3-02-4um-11,SET-RESET,11,8_6_2024 1_07_53 PM].csv",0.725,9.940399999999999e-05
"[A3-02-4um-11,SET-RESET,11,8_6_2024 1_08_00 PM].csv",0.7,0.00012207800000000002
"[A3-02-4um-12,SET-RESET,12,8_6_2024 1_11_35 PM].csv",1.175,0.00017649999999999995
"[A3-02-4um-12,SET-RESET,12,8_6_2024 1_11_41 PM].csv",0.675,0.000174434
"[A3-02-4um-12,SET-RESET,12,8_6_2024 1_11_47 PM].csv",0.85,0.000239034
"[A3-02-4um-12,SET-RESET,12,8_6_2024 1_11_54 PM].csv",0.9,0.00017296
"[A3-02-4um-12,SET-RESET,12,8_6_2024 1_12_00 PM].csv",0.725,0.00022360400000000002
"[A3-02-4um-12,SET-RESET,12,8_6_2024 1_12_06 PM].csv",0.9,0.000182982
"[A3-02-4um-12,SET-RESET,12,8_6_2024 1_12_12 PM].csv",0.85,0.00017299999999999998
"[A3-02-4um-12,SET-RESET,12,8_6_2024 1_12_19 PM].csv",0.7,0.000123564
"[A3-02-4um-12,SET-RESET,12,8_6_2024 1_12_26 PM].csv",0.825,0.00012613999999999998
"[A3-02-4um-12,SET-RESET,12,8_6_2024 1_12_32 PM].csv",0.775,0.00012141200000000001
"[A3-02-4um-12,SET-RESET,12,8_6_2024 1_12_38 PM].csv",0.75,6.900600000000001e-05
"[A3-02-4um-12,SET-RESET,12,8_6_2024 1_12_44 PM].csv",0.725,0.00011835200000000001
"[A3-02-4um-12,SET-RESET,12,8_6_2024 1_12_50 PM].csv",0.95,5.405999999999998e-05
"[A3-02-4um-12,SET-RESET,12,8_6_2024 1_12_56 PM].csv",0.825,6.82e-05
"[A3-02-4um-12,SET-RESET,12,8_6_2024 1_13_03 PM].csv",0.75,8.6486e-05
"[A3-02-4um-12,SET-RESET,12,8_6_2024 1_13_09 PM].csv",0.8,6.544000000000002e-05
"[A3-02-4um-12,SET-RESET,12,8_6_2024 1_13_15 PM].csv",0.775,0.000137546
"[A3-02-4um-12,SET-RESET,12,8_6_2024 1_13_21 PM].csv",0.875,0.00012266
"[A3-02-4um-12,SET-RESET,12,8_6_2024 1_13_27 PM].csv",0.85,0.00011846
"[A3-02-4um-12,SET-RESET,12,8_6_2024 1_13_33 PM].csv",0.875,0.00014783
"[A8-02-4um-01,SET-RESET,32,8_6_2024 4_16_44 PM].csv",1.45,0.00042659799999999993
"[A8-02-4um-01,SET-RESET,32,8_6_2024 4_16_50 PM].csv",1.7,0.000416472
"[A8-02-4um-01,SET-RESET,32,8_6_2024 4_16_56 PM].csv",0.75,0.00037297400000000004
"[A8-02-4um-01,SET-RESET,32,8_6_2024 4_17_03 PM].csv",1.1,9.748000000000005e-05
"[A8-02-4um-01,SET-RESET,32,8_6_2024 4_17_09 PM].csv",1.025,0.0004921068
"[A8-02-4um-01,SET-RESET,32,8_6_2024 4_17_16 PM].csv",0.85,0.0004985836
"[A8-02-4um-01,SET-RESET,32,8_6_2024 4_17_22 PM].csv",0.975,0.0004931381
"[A8-02-4um-01,SET-RESET,32,8_6_2024 4_17_28 PM].csv",0.9,0.0004950234
"[A8-02-4um-01,SET-RESET,32,8_6_2024 4_17_34 PM].csv",1.05,0.000493928
"[A8-02-4um-01,SET-RESET,32,8_6_2024 4_17_40 PM].csv",0.975,0.0004951856
"[A8-02-4um-01,SET-RESET,32,8_6_2024 4_17_46 PM].csv",0.825,0.0004969935999999999
"[A8-02-4um-01,SET-RESET,32,8_6_2024 4_17_52 PM].csv",0.925,0.0004981502999999999
"[A8-02-4um-01,SET-RESET,32,8_6_2024 4_17_58 PM].csv",0.75,0.0004946736
"[A8-02-4um-01,SET-RESET,32,8_6_2024 4_18_05 PM].csv",0.8,0.0004930257
"[A8-02-4um-01,SET-RESET,32,8_6_2024 4_18_11 PM].csv",0.925,0.0004942731
"[A8-02-4um-01,SET-RESET,32,8_6_2024 4_18_18 PM].csv",1.025,0.0004934973
"[A8-02-4um-01,SET-RESET,32,8_6_2024 4_18_24 PM].csv",0.9,0.0004940828
"[A8-02-4um-01,SET-RESET,32,8_6_2024 4_18_31 PM].csv",1.075,0.0004964333
"[A8-02-4um-01,SET-RESET,32,8_6_2024 4_18_37 PM].csv",0.95,0.0004895017
"[A8-02-4um-01,SET-RESET,32,8_6_2024 4_18_43 PM].csv",0.85,0.0004962977
"[A8-02-4um-01,SET-RESET,37,8_5_2024 4_43_16 PM].csv",1.15,0.000411636
"[A8-02-4um-01,SET-RESET,37,8_5_2024 4_43_23 PM].csv",0.8,0.000492564
"[A8-02-4um-01,SET-RESET,37,8_5_2024 4_43_29 PM].csv",0.825,0.0004948401
"[A8-02-4um-01,SET-RESET,37,8_5_2024 4_43_35 PM].csv",1.25,0.000450416
"[A8-02-4um-01,SET-RESET,37,8_5_2024 4_43_42 PM].csv",0.675,0.0004936754
"[A8-02-4um-01,SET-RESET,37,8_5_2024 4_43_48 PM].csv",0.95,0.0004967614
"[A8-02-4um-01,SET-RESET,37,8_5_2024 4_43_54 PM].csv",0.85,0.0004928275999999999
"[A8-02-4um-01,SET-RESET,37,8_5_2024 4_44_01 PM].csv",0.85,0.00049235
"[A8-02-4um-01,SET-RESET,37,8_5_2024 4_44_07 PM].csv",1.075,0.0004944213
"[A8-02-4um-01,SET-RESET,37,8_5_2024 4_44_13 PM].csv",0.975,0.0004945419
"[A8-02-4um-01,SET-RESET,37,8_5_2024 4_44_19 PM].csv",0.85,0.00049566
"[A8-02-4um-01,SET-RESET,37,8_5_2024 4_44_25 PM].csv",0.95,0.0004948012
"[A8-02-4um-01,SET-RESET,37,8_5_2024 4_44_31 PM].csv",0.9,0.0004926355
"[A8-02-4um-01,SET-RESET,37,8_5_2024 4_44_38 PM].csv",0.875,0.0004953309
"[A8-02-4um-01,SET-RESET,37,8_5_2024 4_44_44 PM].csv",0.85,0.0004936828
"[A8-02-4um-01,SET-RESET,37,8_5_2024 4_44_50 PM].csv",0.975,0.0004917749
"[A8-02-4um-01,SET-RESET,37,8_5_2024 4_44_56 PM].csv",0.775,0.0004951366
"[A8-02-4um-01,SET-RESET,37,8_5_2024 4_45_03 PM].csv",0.75,0.0004923422
"[A8-02-4um-01,SET-RESET,37,8_5_2024 4_45_09 PM].csv",0.875,0.00048875
"[A8-02-4um-01,SET-RESET,37,8_5_2024 4_45_15 PM].csv",0.725,0.0004930652
"[A8-02-4um-02,SET-RESET,38,8_5_2024 4_52_54 PM].csv",0.9,0.000116556
"[A8-02-4um-02,SET-RESET,38,8_5_2024 4_53_01 PM].csv",0.675,0.00016605800000000002
"[A8-02-4um-02,SET-RESET,38,8_5_2024 4_53_07 PM].csv",0.95,0.0002665
"[A8-02-4um-02,SET-RESET,38,8_5_2024 4_53_13 PM].csv",0.9,0.00032673999999999995
"[A8-02-4um-02,SET-RESET,38,8_5_2024 4_53_19 PM].csv",0.675,0.000427824
"[A8-02-4um-02,SET-RESET,38,8_5_2024 4_53_25 PM].csv",1.0,0.00017247999999999997
"[A8-02-4um-02,SET-RESET,38,8_5_2024 4_53_32 PM].csv",0.825,0.00043599
"[A8-02-4um-02,SET-RESET,38,8_5_2024 4_53_38 PM].csv",1.075,0.00021297999999999998
"[A8-02-4um-02,SET-RESET,38,8_5_2024 4_53_44 PM].csv",0.85,0.0003677
"[A8-02-4um-02,SET-RESET,38,8_5_2024 4_53_50 PM].csv",0.975,0.00029106
"[A8-02-4um-02,SET-RESET,38,8_5_2024 4_53_56 PM].csv",0.85,0.00040326399999999997
"[A8-02-4um-02,SET-RESET,38,8_5_2024 4_54_02 PM].csv",0.875,0.00042120799999999996
"[A8-02-4um-02,SET-RESET,38,8_5_2024 4_54_08 PM].csv",0.725,0.00046435
"[A8-02-4um-02,SET-RESET,38,8_5_2024 4_54_15 PM].csv",0.825,0.000429154
"[A8-02-4um-02,SET-RESET,38,8_5_2024 4_54_21 PM].csv",0.9,0.00042829799999999997
"[A8-02-4um-02,SET-RESET,38,8_5_2024 4_54_27 PM].csv",0.925,0.00040776399999999997
"[A8-02-4um-02,SET-RESET,38,8_5_2024 4_54_33 PM].csv",0.725,0.00045590199999999995
"[A8-02-4um-02,SET-RESET,38,8_5_2024 4_54_39 PM].csv",0.75,0.000457306
"[A8-02-4um-02,SET-RESET,38,8_5_2024 4_54_45 PM].csv",0.825,0.000461836
"[A8-02-4um-02,SET-RESET,38,8_5_2024 4_54_51 PM].csv",0.825,0.000463
"[A8-02-4um-03,SET-RESET,39,8_5_2024 4_59_27 PM].csv",4.9,3.1061599999999995e-08
"[A8-02-4um-03,SET-RESET,39,8_5_2024 4_59_40 PM].csv",2.1750000000000003,0.0002702208
"[A8-02-4um-03,SET-RESET,39,8_5_2024 4_59_51 PM].csv",1.925,0.00026380399999999997
"[A8-02-4um-03,SET-RESET,39,8_5_2024 5_00_02 PM].csv",1.5,4.2706e-05
"[A8-02-4um-03,SET-RESET,39,8_5_2024 5_00_13 PM].csv",2.25,0.00033142072
"[A8-02-4um-03,SET-RESET,39,8_5_2024 5_00_21 PM].csv",4.65,0.0004998323599999999
"[A8-02-4um-03,SET-RESET,39,8_5_2024 5_00_28 PM].csv",0.65,0.00038826
"[A8-02-4um-03,SET-RESET,39,8_5_2024 5_00_34 PM].csv",0.75,0.0002684
"[A8-02-4um-03,SET-RESET,39,8_5_2024 5_00_41 PM].csv",0.65,0.0004597445
"[A8-02-4um-03,SET-RESET,39,8_5_2024 5_00_47 PM].csv",0.825,0.00034871999999999995
"[A8-02-4um-03,SET-RESET,39,8_5_2024 5_00_53 PM].csv",0.7,0.000487456
"[A8-02-4um-03,SET-RESET,39,8_5_2024 5_01_00 PM].csv",0.65,0.00044965719999999997
"[A8-02-4um-03,SET-RESET,39,8_5_2024 5_01_06 PM].csv",0.775,0.000484638
"[A8-02-4um-03,SET-RESET,39,8_5_2024 5_01_13 PM].csv",0.775,0.0004895419999999999
"[A8-02-4um-03,SET-RESET,39,8_5_2024 5_01_19 PM].csv",0.8,0.0004926708999999999
"[A8-02-4um-03,SET-RESET,39,8_5_2024 5_01_25 PM].csv",0.775,0.000479082
"[A8-02-4um-03,SET-RESET,39,8_5_2024 5_01_31 PM].csv",0.75,0.0004902925
"[A8-02-4um-03,SET-RESET,39,8_5_2024 5_01_37 PM].csv",0.825,0.000417164
"[A8-02-4um-03,SET-RESET,39,8_5_2024 5_01_44 PM].csv",0.675,0.00047784
"[A8-02-4um-03,SET-RESET,39,8_5_2024 5_01_50 PM].csv",0.825,0.000485198
"[A8-02-4um-04,SET-RESET,40,8_5_2024 5_05_23 PM].csv",0.95,0.000206302
"[A8-02-4um-04,SET-RESET,40,8_5_2024 5_05_29 PM].csv",0.825,0.00013714
"[A8-02-4um-04,SET-RESET,40,8_5_2024 5_05_35 PM].csv",0.625,0.000203124
"[A8-02-4um-04,SET-RESET,40,8_5_2024 5_05_41 PM].csv",0.75,0.000123686
"[A8-02-4um-04,SET-RESET,40,8_5_2024 5_05_48 PM].csv",0.7,0.00018605799999999999
"[A8-02-4um-04,SET-RESET,40,8_5_2024 5_05_55 PM].csv",0.6,0.000178838
"[A8-02-4um-04,SET-RESET,40,8_5_2024 5_06_01 PM].csv",0.6,0.000174852
"[A8-02-4um-04,SET-RESET,40,8_5_2024 5_06_07 PM].csv",0.625,0.000170468
"[A8-02-4um-04,SET-RESET,40,8_5_2024 5_06_14 PM].csv",0.875,0.00032612000000000006
"[A8-02-4um-04,SET-RESET,40,8_5_2024 5_06_20 PM].csv",0.825,0.00017074
"[A8-02-4um-04,SET-RESET,40,8_5_2024 5_06_26 PM].csv",0.575,0.00016187
"[A8-02-4um-04,SET-RESET,40,8_5_2024 5_06_32 PM].csv",0.675,0.00017739400000000002
"[A8-02-4um-04,SET-RESET,40,8_5_2024 5_06_39 PM].csv",0.775,0.00016372
"[A8-02-4um-04,SET-RESET,40,8_5_2024 5_06_45 PM].csv",0.625,0.00026268799999999996
"[A8-02-4um-04,SET-RESET,40,8_5_2024 5_06_52 PM].csv",0.575,0.000133474
"[A8-02-4um-04,SET-RESET,40,8_5_2024 5_06_58 PM].csv",0.8,0.00013592000000000004
"[A8-02-4um-04,SET-RESET,40,8_5_2024 5_07_05 PM].csv",0.725,0.00015551999999999997
"[A8-02-4um-04,SET-RESET,40,8_5_2024 5_07_11 PM].csv",0.65,0.000173956
"[A8-02-4um-04,SET-RESET,40,8_5_2024 5_07_17 PM].csv",0.525,0.000174482
"[A8-02-4um-04,SET-RESET,40,8_5_2024 5_07_23 PM].csv",0.65,0.00014771600000000002
"[A8-02-4um-05,SET-RESET,41,8_5_2024 5_08_32 PM].csv",0.85,0.00014331999999999998
"[A8-02-4um-05,SET-RESET,41,8_5_2024 5_08_38 PM].csv",0.775,0.00014774
"[A8-02-4um-05,SET-RESET,41,8_5_2024 5_08_45 PM].csv",0.825,0.00022856
"[A8-02-4um-05,SET-RESET,41,8_5_2024 5_08_51 PM].csv",0.65,0.00024505999999999996
"[A8-02-4um-05,SET-RESET,41,8_5_2024 5_08_58 PM].csv",0.825,0.00014755999999999998
"[A8-02-4um-05,SET-RESET,41,8_5_2024 5_09_05 PM].csv",0.825,0.00020018
"[A8-02-4um-05,SET-RESET,41,8_5_2024 5_09_11 PM].csv",0.8,0.0003652
"[A8-02-4um-05,SET-RESET,41,8_5_2024 5_09_18 PM].csv",0.625,0.000122242
"[A8-02-4um-05,SET-RESET,41,8_5_2024 5_09_24 PM].csv",0.7,0.00014389999999999997
"[A8-02-4um-05,SET-RESET,41,8_5_2024 5_09_30 PM].csv",0.825,0.00011504000000000001
"[A8-02-4um-05,SET-RESET,41,8_5_2024 5_09_36 PM].csv",0.9,0.00013644
"[A8-02-4um-05,SET-RESET,41,8_5_2024 5_09_42 PM].csv",0.925,0.00012668
"[A8-02-4um-05,SET-RESET,41,8_5_2024 5_09_48 PM].csv",0.55,0.000191356
"[A8-02-4um-05,SET-RESET,41,8_5_2024 5_09_54 PM].csv",0.6,5.9619999999999975e-05
"[A8-02-4um-05,SET-RESET,41,8_5_2024 5_10_00 PM].csv",0.85,0.00016194
"[A8-02-4um-05,SET-RESET,41,8_5_2024 5_10_06 PM].csv",0.775,0.00010528
"[A8-02-4um-05,SET-RESET,41,8_5_2024 5_10_13 PM].csv",0.85,0.00018512
"[A8-02-4um-05,SET-RESET,41,8_5_2024 5_10_19 PM].csv",0.725,0.00011849999999999998
"[A8-02-4um-05,SET-RESET,41,8_5_2024 5_10_25 PM].csv",0.7,0.00035626
"[A8-02-4um-05,SET-RESET,41,8_5_2024 5_10_32 PM].csv",0.575,0.000379514
"[A8-02-4um-06,SET-RESET,42,8_5_2024 5_12_04 PM].csv",2.2,0.00015932000000000007
"[A8-02-4um-06,SET-RESET,42,8_5_2024 5_12_10 PM].csv",2.825,0.00017057999999999998
"[A8-02-4um-06,SET-RESET,42,8_5_2024 5_12_17 PM].csv",0.675,0.000321824
"[A8-02-4um-06,SET-RESET,42,8_5_2024 5_12_23 PM].csv",0.875,0.00021998
"[A8-02-4um-06,SET-RESET,42,8_5_2024 5_12_29 PM].csv",0.85,0.0003315
"[A8-02-4um-06,SET-RESET,42,8_5_2024 5_12_35 PM].csv",0.825,0.000478042
"[A8-02-4um-06,SET-RESET,42,8_5_2024 5_12_42 PM].csv",0.8,0.00048307
"[A8-02-4um-06,SET-RESET,42,8_5_2024 5_12_48 PM].csv",1.0,0.00027662
"[A8-02-4um-06,SET-RESET,42,8_5_2024 5_12_55 PM].csv",0.95,0.00018565999999999998
"[A8-02-4um-06,SET-RESET,42,8_5_2024 5_13_01 PM].csv",0.85,0.00022891999999999997
"[A8-02-4um-06,SET-RESET,42,8_5_2024 5_13_07 PM].csv",0.925,0.00018886
"[A8-02-4um-06,SET-RESET,42,8_5_2024 5_13_13 PM].csv",0.9,0.00034776
"[A8-02-4um-06,SET-RESET,42,8_5_2024 5_13_20 PM].csv",0.85,0.00026179999999999997
"[A8-02-4um-06,SET-RESET,42,8_5_2024 5_13_26 PM].csv",0.95,0.00017438000000000002
"[A8-02-4um-06,SET-RESET,42,8_5_2024 5_13_32 PM].csv",0.95,0.00032837999999999997
"[A8-02-4um-06,SET-RESET,42,8_5_2024 5_13_38 PM].csv",0.75,0.00040667
"[A8-02-4um-06,SET-RESET,42,8_5_2024 5_13_44 PM].csv",1.05,0.00030818
"[A8-02-4um-06,SET-RESET,42,8_5_2024 5_13_51 PM].csv",0.625,0.00011302
"[A8-02-4um-06,SET-RESET,42,8_5_2024 5_13_57 PM].csv",0.85,0.00036587999999999996
"[A8-02-4um-06,SET-RESET,42,8_5_2024 5_14_03 PM].csv",0.975,0.00033301999999999995
"[A8-02-4um-07,SET-RESET,43,8_5_2024 5_15_15 PM].csv",0.125,9.474e-05
"[A8-02-4um-07,SET-RESET,43,8_5_2024 5_15_21 PM].csv",0.125,9.492000000000002e-05
"[A8-02-4um-07,SET-RESET,43,8_5_2024 5_15_27 PM].csv",0.075,9.468000000000001e-05
"[A8-02-4um-08,SET-RESET,44,8_5_2024 5_16_20 PM].csv",1.3,0.00020788000000000002
"[A8-02-4um-08,SET-RESET,44,8_5_2024 5_16_26 PM].csv",1.175,0.00017622
"[A8-02-4um-08,SET-RESET,44,8_5_2024 5_16_32 PM].csv",1.275,0.00015002
"[A8-02-4um-08,SET-RESET,44,8_5_2024 5_16_38 PM].csv",1.25,0.00016562
"[A8-02-4um-08,SET-RESET,44,8_5_2024 5_16_45 PM].csv",0.975,0.00028062
"[A8-02-4um-08,SET-RESET,44,8_5_2024 5_16_51 PM].csv",0.975,0.00032076
"[A8-02-4um-08,SET-RESET,44,8_5_2024 5_16_57 PM].csv",1.25,0.0001943
"[A8-02-4um-08,SET-RESET,44,8_5_2024 5_17_04 PM].csv",1.05,0.00028631999999999996
"[A8-02-4um-08,SET-RESET,44,8_5_2024 5_17_10 PM].csv",0.875,0.00032374
"[A8-02-4um-08,SET-RESET,44,8_5_2024 5_17_16 PM].csv",1.075,0.00031942
"[A8-02-4um-08,SET-RESET,44,8_5_2024 5_17_22 PM].csv",0.875,0.00034115999999999997
"[A8-02-4um-08,SET-RESET,44,8_5_2024 5_17_28 PM].csv",1.075,0.00031998
"[A8-02-4um-08,SET-RESET,44,8_5_2024 5_17_35 PM].csv",0.9,0.00033642
"[A8-02-4um-08,SET-RESET,44,8_5_2024 5_17_41 PM].csv",0.8,0.00041211799999999995
"[A8-02-4um-08,SET-RESET,44,8_5_2024 5_17_47 PM].csv",1.125,0.00029700000000000006
"[A8-02-4um-08,SET-RESET,44,8_5_2024 5_17_54 PM].csv",1.125,0.00030082000000000004
"[A8-02-4um-08,SET-RESET,44,8_5_2024 5_18_01 PM].csv",0.875,0.000482746
"[A8-02-4um-08,SET-RESET,44,8_5_2024 5_18_08 PM].csv",1.025,0.00032886000000000005
"[A8-02-4um-08,SET-RESET,44,8_5_2024 5_18_15 PM].csv",1.025,0.00033164
"[A8-02-4um-08,SET-RESET,44,8_5_2024 5_18_21 PM].csv",0.9,0.0004905689
"[A8-02-4um-09,SET-RESET,45,8_5_2024 5_19_57 PM].csv",0.075,0.00010515999999999998
"[A8-02-4um-09,SET-RESET,45,8_5_2024 5_20_03 PM].csv",0.1,0.00010502000000000005
"[A8-02-4um-09,SET-RESET,45,8_5_2024 5_20_09 PM].csv",0.075,0.00010517999999999997
"[A8-02-4um-09,SET-RESET,45,8_5_2024 5_20_16 PM].csv",0.1,0.00010502
"[A8-02-4um-09,SET-RESET,45,8_5_2024 5_20_22 PM].csv",0.1,0.00010505999999999997
"[A8-02-4um-09,SET-RESET,45,8_5_2024 5_20_27 PM].csv",0.1,0.00010522
"[A8-02-4um-09,SET-RESET,45,8_5_2024 5_20_33 PM].csv",0.075,0.00010518000000000002
"[A8-02-4um-09,SET-RESET,45,8_5_2024 5_20_40 PM].csv",0.1,0.00010528000000000002
"[A8-02-4um-09,SET-RESET,45,8_5_2024 5_20_45 PM].csv",0.1,0.00010510000000000001
"[A8-02-4um-09,SET-RESET,45,8_5_2024 5_20_51 PM].csv",0.075,0.00010499999999999998
"[A8-02-4um-09,SET-RESET,45,8_5_2024 5_20_57 PM].csv",0.1,0.00010508000000000002
"[A8-02-4um-09,SET-RESET,45,8_5_2024 5_21_03 PM].csv",0.075,0.00010510000000000001
"[A8-02-4um-09,SET-RESET,45,8_5_2024 5_21_09 PM].csv",0.1,0.00010523999999999999
"[A8-02-4um-09,SET-RESET,45,8_5_2024 5_21_16 PM].csv",0.075,0.00010516000000000003
"[A8-02-4um-09,SET-RESET,45,8_5_2024 5_21_22 PM].csv",0.1,0.00010502
"[A8-02-4um-09,SET-RESET,45,8_5_2024 5_21_28 PM].csv",0.075,0.00010520000000000001
"[A8-02-4um-09,SET-RESET,45,8_5_2024 5_21_35 PM].csv",0.1,0.00010513999999999999
"[A8-02-4um-09,SET-RESET,45,8_5_2024 5_21_41 PM].csv",0.1,0.00010513999999999999
"[A8-02-4um-09,SET-RESET,45,8_5_2024 5_21_48 PM].csv",0.1,0.00010520000000000001
"[A8-02-4um-10,SET-RESET,46,8_5_2024 5_22_41 PM].csv",0.125,7.094000000000002e-05
"[A8-02-4um-10,SET-RESET,46,8_5_2024 5_22_47 PM].csv",0.175,7.058000000000005e-05
"[A8-02-4um-10,SET-RESET,46,8_5_2024 5_22_53 PM].csv",0.175,7.034000000000001e-05
"[A8-02-4um-10,SET-RESET,46,8_5_2024 5_23_01 PM].csv",0.15,7.235999999999999e-05
"[A8-02-4um-10,SET-RESET,46,8_5_2024 5_23_07 PM].csv",0.175,7.38e-05
"[A8-02-4um-10,SET-RESET,46,8_5_2024 5_23_13 PM].csv",0.175,7.031999999999996e-05
"[A8-02-4um-10,SET-RESET,46,8_5_2024 5_23_19 PM].csv",0.175,7.012000000000001e-05
"[A8-02-4um-10,SET-RESET,46,8_5_2024 5_23_25 PM].csv",0.15,7.092000000000003e-05
"[A8-02-4um-11,SET-RESET,47,8_5_2024 5_24_23 PM].csv",1.075,0.00015659999999999996
"[A8-02-4um-11,SET-RESET,47,8_5_2024 5_24_29 PM].csv",0.9,0.000149784
"[A8-02-4um-11,SET-RESET,47,8_5_2024 5_24_35 PM].csv",1.025,7.172e-05
"[A8-02-4um-11,SET-RESET,47,8_5_2024 5_24_41 PM].csv",0.825,7.6258e-05
"[A8-02-4um-11,SET-RESET,47,8_5_2024 5_24_48 PM].csv",1.05,7.116000000000002e-05
"[A8-02-4um-11,SET-RESET,47,8_5_2024 5_24_54 PM].csv",0.925,7.166000000000003e-05
"[A8-02-4um-11,SET-RESET,47,8_5_2024 5_25_00 PM].csv",1.15,9.240000000000002e-05
"[A8-02-4um-11,SET-RESET,47,8_5_2024 5_25_07 PM].csv",0.825,7.723999999999999e-05
"[A8-02-4um-11,SET-RESET,47,8_5_2024 5_25_13 PM].csv",1.15,8.617999999999999e-05
"[A8-02-4um-11,SET-RESET,47,8_5_2024 5_25_20 PM].csv",1.1,6.534e-05
"[A8-02-4um-11,SET-RESET,47,8_5_2024 5_25_27 PM].csv",0.825,5.9056e-05
"[A8-02-4um-11,SET-RESET,47,8_5_2024 5_25_33 PM].csv",1.05,8.082e-05
"[A8-02-4um-11,SET-RESET,47,8_5_2024 5_25_39 PM].csv",0.975,8.254e-05
"[A8-02-4um-11,SET-RESET,47,8_5_2024 5_25_45 PM].csv",1.2,6.807999999999999e-05
"[A8-02-4um-11,SET-RESET,47,8_5_2024 5_25_52 PM].csv",1.1,5.432000000000001e-05
"[A8-02-4um-11,SET-RESET,47,8_5_2024 5_25_58 PM].csv",0.8,5.799599999999999e-05
"[A8-02-4um-11,SET-RESET,47,8_5_2024 5_26_05 PM].csv",0.9,9.3308e-05
"[A8-02-4um-11,SET-RESET,47,8_5_2024 5_26_11 PM].csv",1.05,5.997999999999995e-05
"[A8-02-4um-11,SET-RESET,47,8_5_2024 5_26_17 PM].csv",1.125,6.246000000000002e-05
"[A8-02-4um-11,SET-RESET,47,8_5_2024 5_26_24 PM].csv",1.025,8.337999999999998e-05
"[A8-02-4um-12,SET-RESET,48,8_5_2024 5_27_33 PM].csv",0.775,0.00016894000000000002
"[A8-02-4um-12,SET-RESET,48,8_5_2024 5_27_39 PM].csv",0.6,0.00014893800000000002
"[A8-02-4um-12,SET-RESET,48,8_5_2024 5_27_45 PM].csv",0.625,0.00013888000000000003
"[A8-02-4um-12,SET-RESET,48,8_5_2024 5_27_51 PM].csv",0.75,0.0002007
"[A8-02-4um-12,SET-RESET,48,8_5_2024 5_27_58 PM].csv",0.65,0.000121854
"[A8-02-4um-12,SET-RESET,48,8_5_2024 5_28_04 PM].csv",0.8,0.00011002000000000001
"[A8-02-4um-12,SET-RESET,48,8_5_2024 5_28_09 PM].csv",0.8,0.00019402000000000002
"[A8-02-4um-12,SET-RESET,48,8_5_2024 5_28_15 PM].csv",0.55,0.00011042
"[A8-02-4um-12,SET-RESET,48,8_5_2024 5_28_22 PM].csv",0.55,6.048400000000001e-05
"[A8-02-4um-12,SET-RESET,48,8_5_2024 5_28_28 PM].csv",0.7,8.685999999999999e-05
"[A8-02-4um-12,SET-RESET,48,8_5_2024 5_28_34 PM].csv",0.8,8.902000000000004e-05
"[A8-02-4um-12,SET-RESET,48,8_5_2024 5_28_41 PM].csv",0.575,0.00010685399999999999
"[A8-02-4um-12,SET-RESET,48,8_5_2024 5_28_47 PM].csv",0.675,0.000192792
"[A8-02-4um-12,SET-RESET,48,8_5_2024 5_28_53 PM].csv",0.85,0.0001336
"[A8-02-4um-12,SET-RESET,48,8_5_2024 5_28_59 PM].csv",0.85,0.00017689999999999996
"[A8-02-4um-12,SET-RESET,48,8_5_2024 5_29_05 PM].csv",0.775,0.00014552000000000003
"[A8-02-4um-12,SET-RESET,48,8_5_2024 5_29_11 PM].csv",0.8,0.00013803999999999997
"[A8-02-4um-12,SET-RESET,48,8_5_2024 5_29_17 PM].csv",0.875,0.00019717999999999998
"[A8-02-4um-12,SET-RESET,48,8_5_2024 5_29_23 PM].csv",0.75,0.00016368000000000003
"[A8-02-4um-12,SET-RESET,48,8_5_2024 5_29_29 PM].csv",0.7,0.00012662
"[A8-04-4um-01,SET-RESET,20,8_6_2024 2_38_12 PM].csv",1.275,0.00032562389999999996
"[A8-04-4um-01,SET-RESET,20,8_6_2024 2_38_18 PM].csv",0.7,0.00037812999999999996
"[A8-04-4um-01,SET-RESET,20,8_6_2024 2_38_24 PM].csv",0.675,0.000466578
"[A8-04-4um-01,SET-RESET,20,8_6_2024 2_38_30 PM].csv",0.775,0.000483052
"[A8-04-4um-01,SET-RESET,20,8_6_2024 2_38_36 PM].csv",0.65,0.00043503849999999996
"[A8-04-4um-01,SET-RESET,20,8_6_2024 2_38_42 PM].csv",0.725,0.00029560999999999997
"[A8-04-4um-01,SET-RESET,20,8_6_2024 2_38_48 PM].csv",0.9,0.00026234
"[A8-04-4um-01,SET-RESET,20,8_6_2024 2_38_54 PM].csv",0.875,0.000420402
"[A8-04-4um-01,SET-RESET,20,8_6_2024 2_39_00 PM].csv",0.8,0.0004894795
"[A8-04-4um-01,SET-RESET,20,8_6_2024 2_39_07 PM].csv",0.725,0.0004926935
"[A8-04-4um-01,SET-RESET,20,8_6_2024 2_39_13 PM].csv",0.925,0.0003256
"[A8-04-4um-01,SET-RESET,20,8_6_2024 2_39_20 PM].csv",0.9,0.00047931199999999997
"[A8-04-4um-01,SET-RESET,20,8_6_2024 2_39_26 PM].csv",0.725,0.00047079
"[A8-04-4um-01,SET-RESET,20,8_6_2024 2_39_32 PM].csv",0.675,0.000475836
"[A8-04-4um-01,SET-RESET,20,8_6_2024 2_39_38 PM].csv",0.9,0.00019989999999999998
"[A8-04-4um-01,SET-RESET,20,8_6_2024 2_39_44 PM].csv",0.775,0.00043771399999999996
"[A8-04-4um-01,SET-RESET,20,8_6_2024 2_39_51 PM].csv",0.85,0.00032134
"[A8-04-4um-01,SET-RESET,20,8_6_2024 2_39_57 PM].csv",0.75,0.000449402
"[A8-04-4um-01,SET-RESET,20,8_6_2024 2_40_04 PM].csv",0.85,0.00032634
"[A8-04-4um-01,SET-RESET,20,8_6_2024 2_40_10 PM].csv",0.95,0.00017192
"[A8-04-4um-02,SET-RESET,21,8_6_2024 2_41_34 PM].csv",1.25,0.00016034000000000003
"[A8-04-4um-02,SET-RESET,21,8_6_2024 2_41_40 PM].csv",0.7,0.000197002
"[A8-04-4um-02,SET-RESET,21,8_6_2024 2_41_46 PM].csv",0.75,0.00016068599999999997
"[A8-04-4um-02,SET-RESET,21,8_6_2024 2_41_52 PM].csv",0.7,0.00014385
"[A8-04-4um-02,SET-RESET,21,8_6_2024 2_41_58 PM].csv",0.7,0.000194742
"[A8-04-4um-02,SET-RESET,21,8_6_2024 2_42_04 PM].csv",0.65,0.000169314
"[A8-04-4um-02,SET-RESET,21,8_6_2024 2_42_11 PM].csv",0.95,0.00016372
"[A8-04-4um-02,SET-RESET,21,8_6_2024 2_42_17 PM].csv",0.725,0.00017468
"[A8-04-4um-02,SET-RESET,21,8_6_2024 2_42_24 PM].csv",0.75,0.00031416
"[A8-04-4um-02,SET-RESET,21,8_6_2024 2_42_30 PM].csv",0.8,0.00018325999999999998
"[A8-04-4um-02,SET-RESET,21,8_6_2024 2_42_36 PM].csv",0.825,0.00026540000000000005
"[A8-04-4um-02,SET-RESET,21,8_6_2024 2_42_42 PM].csv",0.75,0.00020962
"[A8-04-4um-02,SET-RESET,21,8_6_2024 2_42_48 PM].csv",0.875,0.00012265999999999997
"[A8-04-4um-02,SET-RESET,21,8_6_2024 2_42_55 PM].csv",0.7,0.000141078
"[A8-04-4um-02,SET-RESET,21,8_6_2024 2_43_01 PM].csv",0.75,5.7819999999999985e-05
"[A8-04-4um-02,SET-RESET,21,8_6_2024 2_43_07 PM].csv",0.775,7.528000000000002e-05
"[A8-04-4um-02,SET-RESET,21,8_6_2024 2_43_13 PM].csv",0.825,6.973999999999999e-05
"[A8-04-4um-02,SET-RESET,21,8_6_2024 2_43_20 PM].csv",0.725,6.353999999999998e-05
"[A8-04-4um-02,SET-RESET,21,8_6_2024 2_43_26 PM].csv",0.9,8.466000000000002e-05
"[A8-04-4um-02,SET-RESET,21,8_6_2024 2_43_32 PM].csv",0.8,0.00033339999999999997
"[A8-04-4um-03,SET-RESET,22,8_6_2024 2_44_44 PM].csv",1.25,0.00016300799999999997
"[A8-04-4um-03,SET-RESET,22,8_6_2024 2_44_50 PM].csv",0.75,0.00032809
"[A8-04-4um-03,SET-RESET,22,8_6_2024 2_44_57 PM].csv",0.85,0.00013657999999999997
"[A8-04-4um-03,SET-RESET,22,8_6_2024 2_45_03 PM].csv",0.7,0.00012159
"[A8-04-4um-03,SET-RESET,22,8_6_2024 2_45_09 PM].csv",0.775,0.0001958482
"[A8-04-4um-03,SET-RESET,22,8_6_2024 2_45_16 PM].csv",1.0,0.00033410000000000004
"[A8-04-4um-03,SET-RESET,22,8_6_2024 2_45_23 PM].csv",1.025,0.0002213
"[A8-04-4um-03,SET-RESET,22,8_6_2024 2_45_29 PM].csv",0.925,0.00027934000000000005
"[A8-04-4um-03,SET-RESET,22,8_6_2024 2_45_35 PM].csv",0.7,0.0001181449
"[A8-04-4um-03,SET-RESET,22,8_6_2024 2_45_41 PM].csv",0.95,0.00026664
"[A8-04-4um-03,SET-RESET,22,8_6_2024 2_45_48 PM].csv",1.125,0.00021488000000000003
"[A8-04-4um-03,SET-RESET,22,8_6_2024 2_45_54 PM].csv",0.95,0.00021264
"[A8-04-4um-03,SET-RESET,22,8_6_2024 2_46_01 PM].csv",1.1,0.00014506000000000002
"[A8-04-4um-03,SET-RESET,22,8_6_2024 2_46_07 PM].csv",0.925,0.00015135999999999996
"[A8-04-4um-03,SET-RESET,22,8_6_2024 2_46_13 PM].csv",0.925,0.00011519899999999999
"[A8-04-4um-03,SET-RESET,22,8_6_2024 2_46_20 PM].csv",0.95,0.00015536
"[A8-04-4um-03,SET-RESET,22,8_6_2024 2_46_26 PM].csv",1.225,0.00017142000000000004
"[A8-04-4um-03,SET-RESET,22,8_6_2024 2_46_32 PM].csv",1.0,0.000138
"[A8-04-4um-03,SET-RESET,22,8_6_2024 2_46_39 PM].csv",0.925,0.00015666
"[A8-04-4um-03,SET-RESET,22,8_6_2024 2_46_45 PM].csv",0.85,0.00016199999999999998
"[A8-04-4um-04,SET-RESET,23,8_6_2024 2_47_56 PM].csv",0.95,0.00012404
"[A8-04-4um-04,SET-RESET,23,8_6_2024 2_48_02 PM].csv",0.65,0.000275784
"[A8-04-4um-04,SET-RESET,23,8_6_2024 2_48_09 PM].csv",0.675,0.000178792
"[A8-04-4um-04,SET-RESET,23,8_6_2024 2_48_15 PM].csv",0.825,0.00023549999999999998
"[A8-04-4um-04,SET-RESET,23,8_6_2024 2_48_21 PM].csv",0.75,0.00019016999999999998
"[A8-04-4um-04,SET-RESET,23,8_6_2024 2_48_27 PM].csv",0.725,0.00026772000000000005
"[A8-04-4um-04,SET-RESET,23,8_6_2024 2_48_34 PM].csv",0.8,0.00030692
"[A8-04-4um-04,SET-RESET,23,8_6_2024 2_48_39 PM].csv",0.8,0.00024054
"[A8-04-4um-04,SET-RESET,23,8_6_2024 2_48_46 PM].csv",0.725,0.000209112
"[A8-04-4um-04,SET-RESET,23,8_6_2024 2_48_53 PM].csv",0.9,0.00027262
"[A8-04-4um-04,SET-RESET,23,8_6_2024 2_48_59 PM].csv",0.55,0.00010879999999999999
"[A8-04-4um-04,SET-RESET,23,8_6_2024 2_49_06 PM].csv",0.7,0.00016600000000000002
"[A8-04-4um-04,SET-RESET,23,8_6_2024 2_49_12 PM].csv",0.75,0.0002184
"[A8-04-4um-04,SET-RESET,23,8_6_2024 2_49_18 PM].csv",0.8,0.00024852
"[A8-04-4um-04,SET-RESET,23,8_6_2024 2_49_25 PM].csv",0.875,0.0001431
"[A8-04-4um-04,SET-RESET,23,8_6_2024 2_49_31 PM].csv",0.875,0.00015393999999999998
"[A8-04-4um-04,SET-RESET,23,8_6_2024 2_49_38 PM].csv",0.85,0.00013904
"[A8-04-4um-04,SET-RESET,23,8_6_2024 2_49_44 PM].csv",0.85,0.00012872000000000003
"[A8-04-4um-04,SET-RESET,23,8_6_2024 2_49_50 PM].csv",0.925,0.00018228
"[A8-04-4um-04,SET-RESET,23,8_6_2024 2_49_56 PM].csv",0.95,0.00016164
"[A8-04-4um-05,SET-RESET,24,8_6_2024 2_51_42 PM].csv",0.925,0.000106706
"[A8-04-4um-05,SET-RESET,24,8_6_2024 2_51_48 PM].csv",1.1,0.00036417999999999997
"[A8-04-4um-05,SET-RESET,24,8_6_2024 2_51_54 PM].csv",0.9,0.000426274
"[A8-04-4um-05,SET-RESET,24,8_6_2024 2_52_00 PM].csv",0.95,0.0003516
"[A8-04-4um-05,SET-RESET,24,8_6_2024 2_52_06 PM].csv",0.8,0.00030460000000000003
"[A8-04-4um-05,SET-RESET,24,8_6_2024 2_52_13 PM].csv",0.85,0.00046998
"[A8-04-4um-05,SET-RESET,24,8_6_2024 2_52_18 PM].csv",0.975,0.00023724
"[A8-04-4um-05,SET-RESET,24,8_6_2024 2_52_24 PM].csv",1.15,0.0002696
"[A8-04-4um-05,SET-RESET,24,8_6_2024 2_52_30 PM].csv",0.95,0.000418156
"[A8-04-4um-05,SET-RESET,24,8_6_2024 2_52_37 PM].csv",1.525,0.0001513
"[A8-04-4um-05,SET-RESET,24,8_6_2024 2_52_43 PM].csv",0.925,0.000439792
"[A8-04-4um-05,SET-RESET,24,8_6_2024 2_52_49 PM].csv",1.125,0.00025184
"[A8-04-4um-05,SET-RESET,24,8_6_2024 2_52_56 PM].csv",0.975,0.000448076
"[A8-04-4um-05,SET-RESET,24,8_6_2024 2_53_02 PM].csv",1.075,0.00040773599999999996
"[A8-04-4um-05,SET-RESET,24,8_6_2024 2_53_09 PM].csv",0.975,0.000470392
"[A8-04-4um-05,SET-RESET,24,8_6_2024 2_53_15 PM].csv",0.875,0.000209688
"[A8-04-4um-05,SET-RESET,24,8_6_2024 2_53_21 PM].csv",0.95,0.00046743
"[A8-04-4um-05,SET-RESET,24,8_6_2024 2_53_27 PM].csv",1.275,0.00021502
"[A8-04-4um-05,SET-RESET,24,8_6_2024 2_53_34 PM].csv",1.1,0.00035488
"[A8-04-4um-05,SET-RESET,24,8_6_2024 2_53_40 PM].csv",1.375,0.00023040000000000002
"[A8-04-4um-06,SET-RESET,25,8_6_2024 2_54_42 PM].csv",1.2,0.00016958
"[A8-04-4um-06,SET-RESET,25,8_6_2024 2_54_48 PM].csv",0.95,0.00027464000000000004
"[A8-04-4um-06,SET-RESET,25,8_6_2024 2_54_54 PM].csv",1.175,0.00014053999999999998
"[A8-04-4um-06,SET-RESET,25,8_6_2024 2_55_00 PM].csv",1.025,0.00018234
"[A8-04-4um-06,SET-RESET,25,8_6_2024 2_55_06 PM].csv",0.975,0.00014570999999999999
"[A8-04-4um-06,SET-RESET,25,8_6_2024 2_55_13 PM].csv",0.925,0.000153062
"[A8-04-4um-06,SET-RESET,25,8_6_2024 2_55_18 PM].csv",0.8,0.00020323200000000002
"[A8-04-4um-06,SET-RESET,25,8_6_2024 2_55_24 PM].csv",1.0,0.000119956
"[A8-04-4um-06,SET-RESET,25,8_6_2024 2_55_31 PM].csv",1.075,0.00016506
"[A8-04-4um-06,SET-RESET,25,8_6_2024 2_55_37 PM].csv",0.825,9.966e-05
"[A8-04-4um-06,SET-RESET,25,8_6_2024 2_55_43 PM].csv",0.825,5.8259999999999974e-05
"[A8-04-4um-06,SET-RESET,25,8_6_2024 2_55_49 PM].csv",0.85,8.623999999999999e-05
"[A8-04-4um-06,SET-RESET,25,8_6_2024 2_55_56 PM].csv",0.725,0.000225184
"[A8-04-4um-06,SET-RESET,25,8_6_2024 2_56_02 PM].csv",0.925,0.00027778
"[A8-04-4um-06,SET-RESET,25,8_6_2024 2_56_08 PM].csv",1.0,0.00021445999999999998
"[A8-04-4um-06,SET-RESET,25,8_6_2024 2_56_14 PM].csv",0.925,0.000185482
"[A8-04-4um-06,SET-RESET,25,8_6_2024 2_56_21 PM].csv",0.925,0.000209018
"[A8-04-4um-06,SET-RESET,25,8_6_2024 2_56_27 PM].csv",0.825,0.00047116
"[A8-04-4um-06,SET-RESET,25,8_6_2024 2_56_34 PM].csv",0.9,0.000480156
"[A8-04-4um-06,SET-RESET,25,8_6_2024 2_56_40 PM].csv",1.125,0.00019067999999999998
"[A8-04-4um-07,SET-RESET,26,8_6_2024 2_59_18 PM].csv",0.875,0.000128898
"[A8-04-4um-07,SET-RESET,26,8_6_2024 2_59_24 PM].csv",0.975,7.674e-05
"[A8-04-4um-07,SET-RESET,26,8_6_2024 2_59_30 PM].csv",1.05,0.00020727999999999995
"[A8-04-4um-07,SET-RESET,26,8_6_2024 2_59_36 PM].csv",0.9,0.000195778
"[A8-04-4um-07,SET-RESET,26,8_6_2024 2_59_44 PM].csv",1.025,0.00018318000000000002
"[A8-04-4um-07,SET-RESET,26,8_6_2024 2_59_50 PM].csv",1.15,9.834000000000004e-05
"[A8-04-4um-07,SET-RESET,26,8_6_2024 2_59_56 PM].csv",0.8,0.000440488
"[A8-04-4um-07,SET-RESET,26,8_6_2024 3_00_02 PM].csv",0.75,0.00048558
"[A8-04-4um-07,SET-RESET,26,8_6_2024 3_00_08 PM].csv",1.0,0.00021742000000000002
"[A8-04-4um-07,SET-RESET,26,8_6_2024 3_00_14 PM].csv",0.675,0.00024206400000000003
"[A8-04-4um-07,SET-RESET,26,8_6_2024 3_00_21 PM].csv",0.625,0.0004923864
"[A8-04-4um-07,SET-RESET,26,8_6_2024 3_00_27 PM].csv",0.75,0.0003348979
"[A8-04-4um-07,SET-RESET,26,8_6_2024 3_00_33 PM].csv",0.8,0.0004913495
"[A8-04-4um-07,SET-RESET,26,8_6_2024 3_00_39 PM].csv",0.725,0.0004911795
"[A8-04-4um-07,SET-RESET,26,8_6_2024 3_00_46 PM].csv",0.975,0.000129294
"[A8-04-4um-07,SET-RESET,26,8_6_2024 3_00_52 PM].csv",0.925,0.00023851999999999999
"[A8-04-4um-07,SET-RESET,26,8_6_2024 3_00_58 PM].csv",1.05,0.00018640000000000003
"[A8-04-4um-07,SET-RESET,26,8_6_2024 3_01_04 PM].csv",0.625,0.00048122
"[A8-04-4um-07,SET-RESET,26,8_6_2024 3_01_10 PM].csv",0.95,0.0002709
"[A8-04-4um-07,SET-RESET,26,8_6_2024 3_01_16 PM].csv",0.725,0.000487026
"[A8-04-4um-08,SET-RESET,27,8_6_2024 3_03_02 PM].csv",1.125,0.00012394
"[A8-04-4um-08,SET-RESET,27,8_6_2024 3_03_08 PM].csv",1.1,0.00010709999999999995
"[A8-04-4um-08,SET-RESET,27,8_6_2024 3_03_14 PM].csv",0.95,0.000134
"[A8-04-4um-08,SET-RESET,27,8_6_2024 3_03_20 PM].csv",1.05,0.0001717
"[A8-04-4um-08,SET-RESET,27,8_6_2024 3_03_26 PM].csv",1.0,0.00011264
"[A8-04-4um-08,SET-RESET,27,8_6_2024 3_03_32 PM].csv",0.85,0.000176758
"[A8-04-4um-08,SET-RESET,27,8_6_2024 3_03_39 PM].csv",1.05,0.00014152000000000001
"[A8-04-4um-08,SET-RESET,27,8_6_2024 3_03_45 PM].csv",1.075,0.00014908
"[A8-04-4um-08,SET-RESET,27,8_6_2024 3_03_51 PM].csv",0.95,0.00017278
"[A8-04-4um-08,SET-RESET,27,8_6_2024 3_03_57 PM].csv",0.85,0.000167372
"[A8-04-4um-08,SET-RESET,27,8_6_2024 3_04_03 PM].csv",0.85,0.00010118
"[A8-04-4um-08,SET-RESET,27,8_6_2024 3_04_09 PM].csv",0.95,0.00015106
"[A8-04-4um-08,SET-RESET,27,8_6_2024 3_04_16 PM].csv",0.825,7.664000000000001e-05
"[A8-04-4um-08,SET-RESET,27,8_6_2024 3_04_22 PM].csv",0.975,0.00021307999999999999
"[A8-04-4um-08,SET-RESET,27,8_6_2024 3_04_28 PM].csv",0.775,0.000412824
"[A8-04-4um-08,SET-RESET,27,8_6_2024 3_04_34 PM].csv",0.85,9.4918e-05
"[A8-04-4um-08,SET-RESET,27,8_6_2024 3_04_41 PM].csv",0.975,0.00010548000000000003
"[A8-04-4um-08,SET-RESET,27,8_6_2024 3_04_47 PM].csv",0.85,7.497999999999999e-05
"[A8-04-4um-08,SET-RESET,27,8_6_2024 3_04_53 PM].csv",1.025,8.481999999999999e-05
"[A8-04-4um-08,SET-RESET,27,8_6_2024 3_05_00 PM].csv",0.975,0.00014725999999999997
"[A8-04-4um-09,SET-RESET,28,8_6_2024 3_06_53 PM].csv",1.2,0.00017126000000000004
"[A8-04-4um-09,SET-RESET,28,8_6_2024 3_06_59 PM].csv",0.575,0.000152132
"[A8-04-4um-09,SET-RESET,28,8_6_2024 3_07_06 PM].csv",0.575,0.000449926
"[A8-04-4um-09,SET-RESET,28,8_6_2024 3_07_12 PM].csv",0.625,0.00022244799999999998
"[A8-04-4um-09,SET-RESET,28,8_6_2024 3_07_18 PM].csv",0.825,0.00017512000000000002
"[A8-04-4um-09,SET-RESET,28,8_6_2024 3_07_24 PM].csv",0.65,0.00025302
"[A8-04-4um-09,SET-RESET,28,8_6_2024 3_07_30 PM].csv",0.775,0.00031152
"[A8-04-4um-09,SET-RESET,28,8_6_2024 3_07_36 PM].csv",0.75,0.00014816000000000002
"[A8-04-4um-09,SET-RESET,28,8_6_2024 3_07_42 PM].csv",0.75,0.00018694
"[A8-04-4um-09,SET-RESET,28,8_6_2024 3_07_48 PM].csv",0.75,0.00017999999999999998
"[A8-04-4um-09,SET-RESET,28,8_6_2024 3_07_54 PM].csv",0.75,0.00047228
"[A8-04-4um-09,SET-RESET,28,8_6_2024 3_08_00 PM].csv",0.7,0.000463902
"[A8-04-4um-09,SET-RESET,28,8_6_2024 3_08_06 PM].csv",0.55,0.00048141
"[A8-04-4um-09,SET-RESET,28,8_6_2024 3_08_13 PM].csv",0.825,0.00035388
"[A8-04-4um-09,SET-RESET,28,8_6_2024 3_08_19 PM].csv",0.775,0.00017193999999999998
"[A8-04-4um-09,SET-RESET,28,8_6_2024 3_08_25 PM].csv",0.85,0.0001609
"[A8-04-4um-09,SET-RESET,28,8_6_2024 3_08_32 PM].csv",0.85,0.00029166
"[A8-04-4um-09,SET-RESET,28,8_6_2024 3_08_39 PM].csv",0.75,0.00047193399999999997
"[A8-04-4um-09,SET-RESET,28,8_6_2024 3_08_45 PM].csv",0.775,0.000481662
"[A8-04-4um-09,SET-RESET,28,8_6_2024 3_08_52 PM].csv",0.8,0.00048074799999999997
"[A8-04-4um-10,SET-RESET,29,8_6_2024 3_10_26 PM].csv",1.175,0.00014779999999999996
"[A8-04-4um-10,SET-RESET,29,8_6_2024 3_10_32 PM].csv",0.9,0.00018594
"[A8-04-4um-10,SET-RESET,29,8_6_2024 3_10_38 PM].csv",0.8,0.000153778
"[A8-04-4um-10,SET-RESET,29,8_6_2024 3_10_45 PM].csv",0.625,0.000117656
"[A8-04-4um-10,SET-RESET,29,8_6_2024 3_10_51 PM].csv",0.85,0.000220796
"[A8-04-4um-10,SET-RESET,29,8_6_2024 3_10_58 PM].csv",1.125,0.00011755999999999995
"[A8-04-4um-10,SET-RESET,29,8_6_2024 3_11_04 PM].csv",0.825,0.000108758
"[A8-04-4um-10,SET-RESET,29,8_6_2024 3_11_10 PM].csv",0.85,7.880599999999998e-05
"[A8-04-4um-10,SET-RESET,29,8_6_2024 3_11_17 PM].csv",0.975,5.8259999999999974e-05
"[A8-04-4um-10,SET-RESET,29,8_6_2024 3_11_24 PM].csv",0.95,0.000140686
"[A8-04-4um-10,SET-RESET,29,8_6_2024 3_11_30 PM].csv",0.9,0.000153156
"[A8-04-4um-10,SET-RESET,29,8_6_2024 3_11_36 PM].csv",0.95,0.00011571999999999998
"[A8-04-4um-10,SET-RESET,29,8_6_2024 3_11_42 PM].csv",0.875,8.6428e-05
"[A8-04-4um-10,SET-RESET,29,8_6_2024 3_11_48 PM].csv",0.875,0.000104414
"[A8-04-4um-10,SET-RESET,29,8_6_2024 3_11_54 PM].csv",0.925,8.629999999999998e-05
"[A8-04-4um-10,SET-RESET,29,8_6_2024 3_12_00 PM].csv",1.2,4.716000000000003e-05
"[A8-04-4um-10,SET-RESET,29,8_6_2024 3_12_07 PM].csv",0.6,0.00010168199999999999
"[A8-04-4um-10,SET-RESET,29,8_6_2024 3_12_12 PM].csv",0.8,0.000146302
"[A8-04-4um-10,SET-RESET,29,8_6_2024 3_12_19 PM].csv",0.775,0.000106776
"[A8-04-4um-10,SET-RESET,29,8_6_2024 3_12_25 PM].csv",0.775,8.872e-05
"[A8-04-4um-11,SET-RESET,30,8_6_2024 3_13_32 PM].csv",0.925,0.00023553999999999998
"[A8-04-4um-11,SET-RESET,30,8_6_2024 3_13_38 PM].csv",0.8,8.283999999999999e-05
"[A8-04-4um-11,SET-RESET,30,8_6_2024 3_13_46 PM].csv",0.65,0.000460218
"[A8-04-4um-11,SET-RESET,30,8_6_2024 3_13_52 PM].csv",0.625,0.000155914
"[A8-04-4um-11,SET-RESET,30,8_6_2024 3_13_58 PM].csv",0.7,0.00044028599999999997
"[A8-04-4um-11,SET-RESET,30,8_6_2024 3_14_04 PM].csv",0.875,0.000469948
"[A8-04-4um-11,SET-RESET,30,8_6_2024 3_14_11 PM].csv",0.825,0.00048680399999999997
"[A8-04-4um-11,SET-RESET,30,8_6_2024 3_14_17 PM].csv",0.825,0.00048638999999999996
"[A8-04-4um-11,SET-RESET,30,8_6_2024 3_14_23 PM].csv",0.8,0.00048705199999999997
"[A8-04-4um-11,SET-RESET,30,8_6_2024 3_14_29 PM].csv",0.825,0.000250506
"[A8-04-4um-11,SET-RESET,30,8_6_2024 3_14_36 PM].csv",0.9,0.0004924859
"[A8-04-4um-11,SET-RESET,30,8_6_2024 3_14_42 PM].csv",0.9,0.0004930574
"[A8-04-4um-11,SET-RESET,30,8_6_2024 3_14_48 PM].csv",0.925,0.0004905326999999999
"[A8-04-4um-11,SET-RESET,30,8_6_2024 3_14_54 PM].csv",0.95,0.000469766
"[A8-04-4um-11,SET-RESET,30,8_6_2024 3_15_01 PM].csv",0.9,0.0004913061
"[A8-04-4um-11,SET-RESET,30,8_6_2024 3_15_07 PM].csv",0.9,0.0004925697
"[A8-04-4um-11,SET-RESET,30,8_6_2024 3_15_13 PM].csv",0.85,0.0004922963
"[A8-04-4um-11,SET-RESET,30,8_6_2024 3_15_19 PM].csv",1.0,0.0004901463
"[A8-04-4um-11,SET-RESET,30,8_6_2024 3_15_26 PM].csv",0.9,0.0004930034
"[A8-04-4um-11,SET-RESET,30,8_6_2024 3_15_32 PM].csv",0.875,0.0004929978
"[A8-04-4um-12,SET-RESET,31,8_6_2024 3_16_49 PM].csv",1.6,0.000469528
"[A8-04-4um-12,SET-RESET,31,8_6_2024 3_16_55 PM].csv",1.075,0.00021908
"[A8-04-4um-12,SET-RESET,31,8_6_2024 3_17_01 PM].csv",0.7,0.000488336
"[A8-04-4um-12,SET-RESET,31,8_6_2024 3_17_07 PM].csv",0.8,0.00023087999999999998
"[A8-04-4um-12,SET-RESET,31,8_6_2024 3_17_14 PM].csv",0.725,0.00020579799999999998
"[A8-04-4um-12,SET-RESET,31,8_6_2024 3_17_21 PM].csv",0.85,0.00035141999999999997
"[A8-04-4um-12,SET-RESET,31,8_6_2024 3_17_27 PM].csv",1.025,0.00021756
"[A8-04-4um-12,SET-RESET,31,8_6_2024 3_17_33 PM].csv",0.775,0.0004910963
"[A8-04-4um-12,SET-RESET,31,8_6_2024 3_17_40 PM].csv",0.8,0.0004927032999999999
"[A8-04-4um-12,SET-RESET,31,8_6_2024 3_17_46 PM].csv",0.95,0.0002162057
"[A8-04-4um-12,SET-RESET,31,8_6_2024 3_17_53 PM].csv",0.825,0.000184
"[A8-04-4um-12,SET-RESET,31,8_6_2024 3_17_59 PM].csv",0.75,0.00039006
"[A8-04-4um-12,SET-RESET,31,8_6_2024 3_18_06 PM].csv",1.125,0.0001631
"[A8-04-4um-12,SET-RESET,31,8_6_2024 3_18_12 PM].csv",0.9,0.00038372
"[A8-04-4um-12,SET-RESET,31,8_6_2024 3_18_18 PM].csv",1.075,0.00018567999999999997
"[A8-04-4um-12,SET-RESET,31,8_6_2024 3_18_24 PM].csv",1.075,0.0001965
"[A8-04-4um-12,SET-RESET,31,8_6_2024 3_18_31 PM].csv",0.95,0.00024472
"[A8-04-4um-12,SET-RESET,31,8_6_2024 3_18_38 PM].csv",0.725,0.0004896939999999999
"[A8-04-4um-12,SET-RESET,31,8_6_2024 3_18_45 PM].csv",0.9,0.00038745
"[A8-04-4um-12,SET-RESET,31,8_6_2024 3_18_51 PM].csv",1.05,0.0003752
"[B6-01-4um-01,SET-RESET,35,8_6_2024 4_21_48 PM].csv",1.175,0.00031284000000000005
"[B6-01-4um-01,SET-RESET,35,8_6_2024 4_21_55 PM].csv",0.675,0.0004180877
"[B6-01-4um-01,SET-RESET,35,8_6_2024 4_22_01 PM].csv",0.75,0.0004894119999999999
"[B6-01-4um-01,SET-RESET,35,8_6_2024 4_22_07 PM].csv",0.775,0.00027481799999999997
"[B6-01-4um-01,SET-RESET,35,8_6_2024 4_22_14 PM].csv",0.85,0.0004906768
"[B6-01-4um-01,SET-RESET,35,8_6_2024 4_22_20 PM].csv",0.825,0.0004890709
"[B6-01-4um-01,SET-RESET,35,8_6_2024 4_22_26 PM].csv",0.7,0.00029646
"[B6-01-4um-01,SET-RESET,35,8_6_2024 4_22_32 PM].csv",0.625,0.0001708002
"[B6-01-4um-01,SET-RESET,35,8_6_2024 4_22_38 PM].csv",0.925,0.0004935569999999999
"[B6-01-4um-01,SET-RESET,35,8_6_2024 4_22_44 PM].csv",0.875,0.0004955156
"[B6-01-4um-01,SET-RESET,35,8_6_2024 4_22_50 PM].csv",1.075,0.00042023
"[B6-01-4um-01,SET-RESET,35,8_6_2024 4_22_56 PM].csv",0.925,0.000452146
"[B6-01-4um-01,SET-RESET,35,8_6_2024 4_23_03 PM].csv",0.975,0.0004947998
"[B6-01-4um-01,SET-RESET,35,8_6_2024 4_23_09 PM].csv",0.975,0.0004951730999999999
"[B6-01-4um-01,SET-RESET,35,8_6_2024 4_23_15 PM].csv",1.025,0.000422698
"[B6-01-4um-01,SET-RESET,35,8_6_2024 4_23_21 PM].csv",1.05,0.000427916
"[B6-01-4um-01,SET-RESET,35,8_6_2024 4_23_27 PM].csv",0.9,0.0004954408
"[B6-01-4um-01,SET-RESET,35,8_6_2024 4_23_34 PM].csv",0.95,0.0004947024
"[B6-01-4um-01,SET-RESET,35,8_6_2024 4_23_40 PM].csv",1.05,0.00043463999999999997
"[B6-01-4um-01,SET-RESET,35,8_6_2024 4_23_46 PM].csv",0.825,0.000484722
"[B6-01-4um-01,SET-RESET,49,8_5_2024 5_35_05 PM].csv",0.85,0.000138112
"[B6-01-4um-01,SET-RESET,49,8_5_2024 5_35_11 PM].csv",0.75,9.574000000000002e-05
"[B6-01-4um-01,SET-RESET,49,8_5_2024 5_35_18 PM].csv",0.85,0.00015729999999999997
"[B6-01-4um-01,SET-RESET,49,8_5_2024 5_35_24 PM].csv",0.95,0.00010517999999999997
"[B6-01-4um-01,SET-RESET,49,8_5_2024 5_35_30 PM].csv",0.7,0.000128446
"[B6-01-4um-01,SET-RESET,49,8_5_2024 5_35_36 PM].csv",0.9,0.0002666
"[B6-01-4um-01,SET-RESET,49,8_5_2024 5_35_42 PM].csv",0.725,0.0003831188
"[B6-01-4um-01,SET-RESET,49,8_5_2024 5_35_48 PM].csv",0.825,0.0003590399999999999
"[B6-01-4um-01,SET-RESET,49,8_5_2024 5_35_54 PM].csv",0.825,0.0004816
"[B6-01-4um-01,SET-RESET,49,8_5_2024 5_36_01 PM].csv",0.65,0.00047534
"[B6-01-4um-01,SET-RESET,49,8_5_2024 5_36_08 PM].csv",0.925,0.00022002000000000002
"[B6-01-4um-01,SET-RESET,49,8_5_2024 5_36_14 PM].csv",0.725,0.00038781
"[B6-01-4um-01,SET-RESET,49,8_5_2024 5_36_20 PM].csv",0.85,0.000480688
"[B6-01-4um-01,SET-RESET,49,8_5_2024 5_36_27 PM].csv",0.725,0.000192928
"[B6-01-4um-01,SET-RESET,49,8_5_2024 5_36_33 PM].csv",0.775,0.000480082
"[B6-01-4um-01,SET-RESET,49,8_5_2024 5_36_39 PM].csv",0.625,0.000476628
"[B6-01-4um-01,SET-RESET,49,8_5_2024 5_36_46 PM].csv",0.825,0.00035778
"[B6-01-4um-01,SET-RESET,49,8_5_2024 5_36_52 PM].csv",0.775,0.00048383599999999997
"[B6-01-4um-01,SET-RESET,49,8_5_2024 5_36_58 PM].csv",0.85,0.0004909681
"[B6-01-4um-01,SET-RESET,49,8_5_2024 5_37_04 PM].csv",0.775,0.000485962
"[B6-01-4um-02,SET-RESET,36,8_6_2024 4_24_54 PM].csv",0.825,0.00019446400000000001
"[B6-01-4um-02,SET-RESET,36,8_6_2024 4_25_01 PM].csv",0.75,0.00028289
"[B6-01-4um-02,SET-RESET,36,8_6_2024 4_25_07 PM].csv",0.675,0.00018435400000000002
"[B6-01-4um-02,SET-RESET,36,8_6_2024 4_25_13 PM].csv",1.2,6.282e-05
"[B6-01-4um-02,SET-RESET,36,8_6_2024 4_25_19 PM].csv",1.15,7.906000000000005e-05
"[B6-01-4um-02,SET-RESET,36,8_6_2024 4_25_25 PM].csv",0.975,0.00020936000000000001
"[B6-01-4um-02,SET-RESET,36,8_6_2024 4_25_32 PM].csv",0.975,0.00021694000000000002
"[B6-01-4um-02,SET-RESET,36,8_6_2024 4_25_38 PM].csv",0.8,0.000127782
"[B6-01-4um-02,SET-RESET,36,8_6_2024 4_25_45 PM].csv",1.075,0.00017131999999999998
"[B6-01-4um-02,SET-RESET,36,8_6_2024 4_25_51 PM].csv",0.925,0.00015022
"[B6-01-4um-02,SET-RESET,36,8_6_2024 4_25_57 PM].csv",0.75,0.000106538
"[B6-01-4um-02,SET-RESET,36,8_6_2024 4_26_04 PM].csv",0.75,0.00012085600000000001
"[B6-01-4um-02,SET-RESET,36,8_6_2024 4_26_10 PM].csv",0.8,0.00014104599999999998
"[B6-01-4um-02,SET-RESET,36,8_6_2024 4_26_16 PM].csv",1.05,0.00013145999999999996
"[B6-01-4um-02,SET-RESET,36,8_6_2024 4_26_22 PM].csv",0.8,0.000165806
"[B6-01-4um-02,SET-RESET,36,8_6_2024 4_26_29 PM].csv",0.825,0.000165004
"[B6-01-4um-02,SET-RESET,36,8_6_2024 4_26_35 PM].csv",0.875,0.00020395200000000003
"[B6-01-4um-02,SET-RESET,36,8_6_2024 4_26_42 PM].csv",0.85,0.000183296
"[B6-01-4um-02,SET-RESET,36,8_6_2024 4_26_48 PM].csv",0.825,0.00016340799999999998
"[B6-01-4um-02,SET-RESET,36,8_6_2024 4_26_54 PM].csv",1.025,0.00015853999999999998
"[B6-01-4um-02,SET-RESET,50,8_5_2024 5_38_33 PM].csv",4.925,1.3694000000000003e-07
"[B6-01-4um-02,SET-RESET,50,8_5_2024 5_38_42 PM].csv",1.6,1.93999e-05
"[B6-01-4um-02,SET-RESET,50,8_5_2024 5_38_52 PM].csv",1.275,0.00026886
"[B6-01-4um-02,SET-RESET,50,8_5_2024 5_39_01 PM].csv",1.05,0.00018326000000000003
"[B6-01-4um-02,SET-RESET,50,8_5_2024 5_39_07 PM].csv",0.525,0.00013336
"[B6-01-4um-02,SET-RESET,50,8_5_2024 5_39_13 PM].csv",0.7,0.00014832
"[B6-01-4um-02,SET-RESET,50,8_5_2024 5_39_19 PM].csv",0.575,0.000100974
"[B6-01-4um-02,SET-RESET,50,8_5_2024 5_39_25 PM].csv",0.65,0.000140164
"[B6-01-4um-02,SET-RESET,50,8_5_2024 5_39_31 PM].csv",0.65,0.00016007999999999997
"[B6-01-4um-02,SET-RESET,50,8_5_2024 5_39_38 PM].csv",0.6,0.000178358
"[B6-01-4um-02,SET-RESET,50,8_5_2024 5_39_45 PM].csv",0.85,0.00010318000000000003
"[B6-01-4um-02,SET-RESET,50,8_5_2024 5_39_51 PM].csv",0.9,0.00013706
"[B6-01-4um-02,SET-RESET,50,8_5_2024 5_39_57 PM].csv",0.725,0.000351982
"[B6-01-4um-02,SET-RESET,50,8_5_2024 5_40_07 PM].csv",0.85,0.00044054
"[B6-01-4um-02,SET-RESET,50,8_5_2024 5_40_13 PM].csv",0.85,0.000402344
"[B6-01-4um-02,SET-RESET,50,8_5_2024 5_40_20 PM].csv",0.725,0.000470306
"[B6-01-4um-02,SET-RESET,50,8_5_2024 5_40_26 PM].csv",0.975,0.00019626000000000002
"[B6-01-4um-02,SET-RESET,50,8_5_2024 5_40_32 PM].csv",0.8,0.00047535
"[B6-01-4um-02,SET-RESET,50,8_5_2024 5_40_39 PM].csv",0.6,0.000376436
"[B6-01-4um-02,SET-RESET,50,8_5_2024 5_40_45 PM].csv",0.775,0.00047801
"[B6-01-4um-03,SET-RESET,37,8_6_2024 4_27_58 PM].csv",1.825,0.0003428
"[B6-01-4um-03,SET-RESET,37,8_6_2024 4_28_05 PM].csv",2.075,0.00024901999999999997
"[B6-01-4um-03,SET-RESET,37,8_6_2024 4_28_11 PM].csv",0.875,0.000486528
"[B6-01-4um-03,SET-RESET,37,8_6_2024 4_28_18 PM].csv",0.9,0.00048724
"[B6-01-4um-03,SET-RESET,37,8_6_2024 4_28_24 PM].csv",1.025,0.0004888792
"[B6-01-4um-03,SET-RESET,37,8_6_2024 4_28_31 PM].csv",0.825,0.00048899
"[B6-01-4um-03,SET-RESET,37,8_6_2024 4_28_37 PM].csv",1.125,0.00029458
"[B6-01-4um-03,SET-RESET,37,8_6_2024 4_28_43 PM].csv",0.8,0.000490861
"[B6-01-4um-03,SET-RESET,37,8_6_2024 4_28_50 PM].csv",1.025,0.0004900516999999999
"[B6-01-4um-03,SET-RESET,37,8_6_2024 4_28_56 PM].csv",1.1,0.000490114
"[B6-01-4um-03,SET-RESET,37,8_6_2024 4_29_03 PM].csv",1.175,0.00044991
"[B6-01-4um-03,SET-RESET,37,8_6_2024 4_29_09 PM].csv",0.975,0.0004933868
"[B6-01-4um-03,SET-RESET,37,8_6_2024 4_29_15 PM].csv",1.475,0.00036416
"[B6-01-4um-03,SET-RESET,37,8_6_2024 4_29_22 PM].csv",1.0,0.000418262
"[B6-01-4um-03,SET-RESET,37,8_6_2024 4_29_29 PM].csv",0.95,0.00039094
"[B6-01-4um-03,SET-RESET,37,8_6_2024 4_29_35 PM].csv",1.075,0.00037818
"[B6-01-4um-03,SET-RESET,37,8_6_2024 4_29_41 PM].csv",1.025,0.00038876599999999997
"[B6-01-4um-03,SET-RESET,37,8_6_2024 4_29_48 PM].csv",1.075,0.000396424
"[B6-01-4um-03,SET-RESET,37,8_6_2024 4_29_55 PM].csv",1.05,0.00037986
"[B6-01-4um-03,SET-RESET,37,8_6_2024 4_30_01 PM].csv",1.125,0.000439186
"[B6-01-4um-03,SET-RESET,51,8_5_2024 5_50_20 PM].csv",1.025,1.29262e-08
"[B6-01-4um-03,SET-RESET,51,8_5_2024 5_50_35 PM].csv",0.225,1.2751099999999998e-08
"[B6-01-4um-03,SET-RESET,51,8_5_2024 5_50_51 PM].csv",2.1750000000000003,1.09411e-08
"[B6-01-4um-03,SET-RESET,51,8_5_2024 5_51_07 PM].csv",0.425,1.21623e-08
"[B6-01-4um-03,SET-RESET,51,8_5_2024 5_51_24 PM].csv",2.15,1.3372599999999997e-08
"[B6-01-4um-03,SET-RESET,51,8_5_2024 5_51_39 PM].csv",4.9,1.65564e-08
"[B6-01-4um-03,SET-RESET,51,8_5_2024 5_51_53 PM].csv",4.825,1.59954e-08
"[B6-01-4um-03,SET-RESET,51,8_5_2024 5_52_10 PM].csv",2.5500000000000003,9.6645e-09
"[B6-01-4um-03,SET-RESET,51,8_5_2024 5_52_25 PM].csv",2.2,8.585199999999998e-09
"[B6-01-4um-03,SET-RESET,51,8_5_2024 5_52_43 PM].csv",3.375,8.811e-09
"[B6-01-4um-03,SET-RESET,51,8_5_2024 5_53_00 PM].csv",2.575,1.0477599999999998e-08
"[B6-01-4um-03,SET-RESET,51,8_5_2024 5_53_17 PM].csv",0.15,1.00386e-08
"[B6-01-4um-03,SET-RESET,51,8_5_2024 5_53_32 PM].csv",2.4250000000000003,1.09474e-08
"[B6-01-4um-03,SET-RESET,51,8_5_2024 5_53_47 PM].csv",1.45,1.16744e-08
"[B6-01-4um-03,SET-RESET,51,8_5_2024 5_54_00 PM].csv",2.075,1.24374e-08
"[B6-01-4um-03,SET-RESET,51,8_5_2024 5_54_14 PM].csv",0.975,1.20775e-08
"[B6-01-4um-03,SET-RESET,51,8_5_2024 5_54_30 PM].csv",4.9,2.2526199999999997e-08
"[B6-01-4um-03,SET-RESET,51,8_5_2024 5_54_46 PM].csv",4.4750000000000005,1.4728400000000003e-08
"[B6-01-4um-03,SET-RESET,51,8_5_2024 5_55_02 PM].csv",5.0,1.6973999999999997e-08
"[B6-01-4um-03,SET-RESET,51,8_5_2024 5_55_17 PM].csv",4.8,1.77878e-08
"[B6-01-4um-04,SET-RESET,38,8_6_2024 4_30_59 PM].csv",2.025,0.000440062
"[B6-01-4um-04,SET-RESET,38,8_6_2024 4_31_05 PM].csv",0.9,0.000395756
"[B6-01-4um-04,SET-RESET,38,8_6_2024 4_31_11 PM].csv",0.85,0.0004941089
"[B6-01-4um-04,SET-RESET,38,8_6_2024 4_31_18 PM].csv",1.0,0.0004941362
"[B6-01-4um-04,SET-RESET,38,8_6_2024 4_31_25 PM].csv",0.925,0.0004963785
"[B6-01-4um-04,SET-RESET,38,8_6_2024 4_31_32 PM].csv",1.225,0.000375
"[B6-01-4um-04,SET-RESET,38,8_6_2024 4_31_38 PM].csv",0.95,0.0004965602999999999
"[B6-01-4um-04,SET-RESET,38,8_6_2024 4_31_45 PM].csv",1.0,0.0004973133
"[B6-01-4um-04,SET-RESET,38,8_6_2024 4_31_52 PM].csv",1.075,0.000395534
"[B6-01-4um-04,SET-RESET,38,8_6_2024 4_31_58 PM].csv",1.05,0.0004974485
"[B6-01-4um-04,SET-RESET,38,8_6_2024 4_32_04 PM].csv",1.025,0.0004964523
"[B6-01-4um-04,SET-RESET,38,8_6_2024 4_32_11 PM].csv",0.9,0.0004982395999999999
"[B6-01-4um-04,SET-RESET,38,8_6_2024 4_32_17 PM].csv",1.15,0.0004974084
"[B6-01-4um-04,SET-RESET,38,8_6_2024 4_32_23 PM].csv",0.85,0.000494951
"[B6-01-4um-04,SET-RESET,38,8_6_2024 4_32_29 PM].csv",0.95,0.0004958539
"[B6-01-4um-04,SET-RESET,38,8_6_2024 4_32_36 PM].csv",0.975,0.0004965998
"[B6-01-4um-04,SET-RESET,38,8_6_2024 4_32_42 PM].csv",1.1,0.0004976578
"[B6-01-4um-04,SET-RESET,38,8_6_2024 4_32_48 PM].csv",1.025,0.0004982007
"[B6-01-4um-04,SET-RESET,38,8_6_2024 4_32_55 PM].csv",1.125,0.0004970104
"[B6-01-4um-04,SET-RESET,38,8_6_2024 4_33_01 PM].csv",1.025,0.00024821038
"[B6-01-4um-04,SET-RESET,52,8_5_2024 6_02_06 PM].csv",2.025,2.6832600000000004e-06
"[B6-01-4um-04,SET-RESET,52,8_5_2024 6_02_12 PM].csv",2.2,0.00010018
"[B6-01-4um-04,SET-RESET,52,8_5_2024 6_02_19 PM].csv",0.8,0.00027378
"[B6-01-4um-04,SET-RESET,52,8_5_2024 6_02_26 PM].csv",0.775,0.00018729399999999999
"[B6-01-4um-04,SET-RESET,52,8_5_2024 6_02_32 PM].csv",0.6,0.000322126
"[B6-01-4um-04,SET-RESET,52,8_5_2024 6_02_39 PM].csv",0.725,0.0004930343
"[B6-01-4um-04,SET-RESET,52,8_5_2024 6_02_45 PM].csv",1.025,0.00024402
"[B6-01-4um-04,SET-RESET,52,8_5_2024 6_02_51 PM].csv",0.675,0.00029176
"[B6-01-4um-04,SET-RESET,52,8_5_2024 6_02_58 PM].csv",0.925,0.00037016
"[B6-01-4um-04,SET-RESET,52,8_5_2024 6_03_05 PM].csv",0.625,0.000200216
"[B6-01-4um-04,SET-RESET,52,8_5_2024 6_03_11 PM].csv",0.675,0.00026045
"[B6-01-4um-04,SET-RESET,52,8_5_2024 6_03_17 PM].csv",0.8,0.0004896287
"[B6-01-4um-04,SET-RESET,52,8_5_2024 6_03_23 PM].csv",0.875,0.000495747
"[B6-01-4um-04,SET-RESET,52,8_5_2024 6_03_30 PM].csv",0.825,0.0004934602
"[B6-01-4um-04,SET-RESET,52,8_5_2024 6_03_37 PM].csv",0.875,0.0004948997
"[B6-01-4um-04,SET-RESET,52,8_5_2024 6_03_43 PM].csv",0.875,0.0004918796
"[B6-01-4um-04,SET-RESET,52,8_5_2024 6_03_49 PM].csv",0.875,0.0004974619
"[B6-01-4um-04,SET-RESET,52,8_5_2024 6_03_56 PM].csv",1.125,0.00014966
"[B6-01-4um-04,SET-RESET,52,8_5_2024 6_04_02 PM].csv",0.875,0.00038108
"[B6-01-4um-04,SET-RESET,52,8_5_2024 6_04_08 PM].csv",0.9,0.0004972905999999999
"[B6-01-4um-05,SET-RESET,53,8_5_2024 6_05_39 PM].csv",4.8500000000000005,2.1026000000000003e-07
"[B6-01-4um-05,SET-RESET,53,8_5_2024 6_05_45 PM].csv",0.8,9.511132e-05
"[B6-01-4um-05,SET-RESET,53,8_5_2024 6_05_53 PM].csv",2.15,0.00049968282
"[B6-01-4um-05,SET-RESET,53,8_5_2024 6_06_00 PM].csv",1.1,0.0004981896
"[B6-01-4um-05,SET-RESET,53,8_5_2024 6_06_06 PM].csv",0.95,0.0004955046999999999
"[B6-01-4um-05,SET-RESET,53,8_5_2024 6_06_13 PM].csv",0.875,0.0004982599999999999
"[B6-01-4um-05,SET-RESET,53,8_5_2024 6_06_19 PM].csv",0.925,0.0004939784
"[B6-01-4um-05,SET-RESET,53,8_5_2024 6_06_25 PM].csv",0.925,0.0004989069
"[B6-01-4um-05,SET-RESET,53,8_5_2024 6_06_32 PM].csv",0.775,0.0004976847
"[B6-01-4um-05,SET-RESET,53,8_5_2024 6_06_40 PM].csv",1.25,0.0002284649
"[B6-01-4um-05,SET-RESET,53,8_5_2024 6_06_46 PM].csv",0.625,7.43e-05
"[B6-01-4um-05,SET-RESET,53,8_5_2024 6_06_53 PM].csv",0.8,0.00015101999999999997
"[B6-01-4um-05,SET-RESET,53,8_5_2024 6_06_59 PM].csv",0.9,0.00017674
"[B6-01-4um-05,SET-RESET,53,8_5_2024 6_07_06 PM].csv",0.65,0.0001202678
"[B6-01-4um-05,SET-RESET,53,8_5_2024 6_07_15 PM].csv",0.9,0.00010672000000000004
"[B6-01-4um-05,SET-RESET,53,8_5_2024 6_07_21 PM].csv",0.975,0.00013376000000000002
"[B6-01-4um-05,SET-RESET,53,8_5_2024 6_07_28 PM].csv",1.0,0.00012678
"[B6-01-4um-05,SET-RESET,53,8_5_2024 6_07_34 PM].csv",0.575,8.514e-05
"[B6-01-4um-05,SET-RESET,53,8_5_2024 6_07_42 PM].csv",0.925,0.00018324000000000001
"[B6-01-4um-05,SET-RESET,53,8_5_2024 6_07_48 PM].csv",1.075,8.072e-05
"[B6-01-4um-06,SET-RESET,54,8_5_2024 6_09_12 PM].csv",2.95,1.43296e-08
"[B6-01-4um-06,SET-RESET,54,8_5_2024 6_09_28 PM].csv",1.875,8.502900000000001e-09
"[B6-01-4um-06,SET-RESET,54,8_5_2024 6_09_42 PM].csv",0.775,1.07083e-08
"[B6-01-4um-06,SET-RESET,54,8_5_2024 6_09_56 PM].csv",0.4,1.2782799999999997e-08
"[B6-01-4um-06,SET-RESET,54,8_5_2024 6_10_11 PM].csv",2.75,1.2990399999999998e-08
"[B6-01-4um-06,SET-RESET,54,8_5_2024 6_10_25 PM].csv",1.9,9.8576e-09
"[B6-01-4um-06,SET-RESET,54,8_5_2024 6_10_41 PM].csv",3.2,1.2971799999999998e-08
"[B6-01-4um-06,SET-RESET,54,8_5_2024 6_10_59 PM].csv",4.9750000000000005,1.0960600000000001e-08
"[B6-01-4um-06,SET-RESET,54,8_5_2024 6_11_14 PM].csv",2.9250000000000003,1.0447199999999998e-08
"[B6-01-4um-06,SET-RESET,54,8_5_2024 6_11_32 PM].csv",5.0,2.00814e-08
"[B6-01-4um-06,SET-RESET,54,8_5_2024 6_11_47 PM].csv",0.25,1.0085e-08
"[B6-01-4um-06,SET-RESET,54,8_5_2024 6_12_04 PM].csv",0.475,1.4009199999999997e-08
"[B6-01-4um-06,SET-RESET,54,8_5_2024 6_12_19 PM].csv",2.325,1.2979099999999999e-08
"[B6-01-4um-06,SET-RESET,54,8_5_2024 6_12_37 PM].csv",0.125,9.773699999999999e-09
"[B6-01-4um-06,SET-RESET,54,8_5_2024 6_12_51 PM].csv",1.125,1.1753299999999999e-08
"[B6-01-4um-06,SET-RESET,54,8_5_2024 6_13_07 PM].csv",1.875,1.24494e-08
"[B6-01-4um-06,SET-RESET,54,8_5_2024 6_13_22 PM].csv",1.15,8.058899999999999e-09
"[B6-01-4um-06,SET-RESET,54,8_5_2024 6_13_37 PM].csv",0.525,1.3743000000000001e-08
"[B6-01-4um-06,SET-RESET,54,8_5_2024 6_13_51 PM].csv",1.8,9.5309e-09
"[B6-01-4um-06,SET-RESET,54,8_5_2024 6_14_06 PM].csv",2.45,1.06533e-08
"[B6-01-4um-07,SET-RESET,55,8_5_2024 6_17_00 PM].csv",4.8,6.2842e-08
"[B6-01-4um-07,SET-RESET,55,8_5_2024 6_17_09 PM].csv",3.025,0.000500017724
"[B6-01-4um-07,SET-RESET,55,8_5_2024 6_17_17 PM].csv",2.9,9.365999999999997e-05
"[B6-01-4um-07,SET-RESET,55,8_5_2024 6_17_23 PM].csv",0.9,9.224e-05
"[B6-01-4um-07,SET-RESET,55,8_5_2024 6_17_29 PM].csv",0.825,0.00027182199999999996
"[B6-01-4um-07,SET-RESET,55,8_5_2024 6_17_36 PM].csv",0.725,0.000223568
"[B6-01-4um-07,SET-RESET,55,8_5_2024 6_17_42 PM].csv",1.325,0.0004934129
"[B6-01-4um-07,SET-RESET,55,8_5_2024 6_17_48 PM].csv",1.05,0.00024389999999999997
"[B6-01-4um-07,SET-RESET,55,8_5_2024 6_17_55 PM].csv",1.1,9.862000000000006e-05
"[B6-01-4um-07,SET-RESET,55,8_5_2024 6_18_01 PM].csv",0.85,0.00048589
"[B6-01-4um-07,SET-RESET,55,8_5_2024 6_18_07 PM].csv",0.825,0.0004835
"[B6-01-4um-07,SET-RESET,55,8_5_2024 6_18_14 PM].csv",0.975,0.00040465799999999996
"[B6-01-4um-07,SET-RESET,55,8_5_2024 6_18_21 PM].csv",0.975,0.00012786
"[B6-01-4um-07,SET-RESET,55,8_5_2024 6_18_28 PM].csv",0.8,0.00028215799999999996
"[B6-01-4um-07,SET-RESET,55,8_5_2024 6_18_35 PM].csv",1.225,0.00044889200000000005
"[B6-01-4um-07,SET-RESET,55,8_5_2024 6_18_50 PM].csv",3.125,1.4992199999999997e-08
"[B6-01-4um-07,SET-RESET,55,8_5_2024 6_18_58 PM].csv",4.875,0.0004999899465999999
"[B6-01-4um-07,SET-RESET,55,8_5_2024 6_19_04 PM].csv",0.625,0.00026223
"[B6-01-4um-07,SET-RESET,55,8_5_2024 6_19_10 PM].csv",0.825,8.611999999999997e-05
"[B6-01-4um-07,SET-RESET,55,8_5_2024 6_19_16 PM].csv",0.9,9.286e-05
"[B6-01-4um-09,SET-RESET,56,8_5_2024 6_24_55 PM].csv",1.775,0.00036826
"[B6-01-4um-09,SET-RESET,56,8_5_2024 6_25_01 PM].csv",0.85,0.000449282
"[B6-01-4um-09,SET-RESET,56,8_5_2024 6_25_08 PM].csv",0.8,0.0004953055
"[B6-01-4um-09,SET-RESET,56,8_5_2024 6_25_14 PM].csv",1.0,0.00042196
"[B6-01-4um-09,SET-RESET,56,8_5_2024 6_25_21 PM].csv",1.2,0.000387744
"[B6-01-4um-09,SET-RESET,56,8_5_2024 6_25_28 PM].csv",0.925,0.00043836799999999996
"[B6-01-4um-09,SET-RESET,56,8_5_2024 6_25_35 PM].csv",1.025,0.00041840599999999996
"[B6-01-4um-09,SET-RESET,56,8_5_2024 6_25_41 PM].csv",1.2,0.000386226
"[B6-01-4um-09,SET-RESET,56,8_5_2024 6_25_47 PM].csv",1.075,0.0004978018
"[B6-01-4um-09,SET-RESET,56,8_5_2024 6_25_54 PM].csv",1.15,0.0004966434
"[B6-01-4um-09,SET-RESET,56,8_5_2024 6_26_00 PM].csv",0.8,0.0003728383
"[B6-01-4um-09,SET-RESET,56,8_5_2024 6_26_06 PM].csv",1.075,0.000495825
"[B6-01-4um-09,SET-RESET,56,8_5_2024 6_26_13 PM].csv",0.9,0.00044000770000000004
"[B6-01-4um-09,SET-RESET,56,8_5_2024 6_26_19 PM].csv",0.85,0.0004929041
"[B6-01-4um-09,SET-RESET,56,8_5_2024 6_26_26 PM].csv",0.975,0.0004965284
"[B6-01-4um-09,SET-RESET,56,8_5_2024 6_26_32 PM].csv",1.05,0.0004952062
"[B6-01-4um-09,SET-RESET,56,8_5_2024 6_26_38 PM].csv",0.9,0.000495811
"[B6-01-4um-09,SET-RESET,56,8_5_2024 6_26_45 PM].csv",1.15,0.0004982497999999999
"[B6-01-4um-09,SET-RESET,56,8_5_2024 6_26_51 PM].csv",0.875,0.000496834
"[B6-01-4um-09,SET-RESET,56,8_5_2024 6_26_57 PM].csv",1.375,0.0002673
"[B6-01-4um-10,SET-RESET,57,8_5_2024 6_31_41 PM].csv",1.4,0.00045193399999999997
"[B6-01-4um-10,SET-RESET,57,8_5_2024 6_31_48 PM].csv",0.75,0.000481534
"[B6-01-4um-10,SET-RESET,57,8_5_2024 6_31_54 PM].csv",0.75,0.000445947
"[B6-01-4um-10,SET-RESET,57,8_5_2024 6_32_00 PM].csv",0.75,0.0004603479
"[B6-01-4um-10,SET-RESET,57,8_5_2024 6_32_06 PM].csv",0.8,0.0004917175
"[B6-01-4um-10,SET-RESET,57,8_5_2024 6_32_12 PM].csv",0.75,0.0004304278
"[B6-01-4um-10,SET-RESET,57,8_5_2024 6_32_18 PM].csv",0.825,0.0004903771
"[B6-01-4um-10,SET-RESET,57,8_5_2024 6_32_25 PM].csv",0.775,0.0004845011
"[B6-01-4um-10,SET-RESET,57,8_5_2024 6_32_31 PM].csv",0.85,0.00048846
"[B6-01-4um-10,SET-RESET,57,8_5_2024 6_32_38 PM].csv",0.825,0.000475314
"[B6-01-4um-10,SET-RESET,57,8_5_2024 6_32_44 PM].csv",0.85,0.0004948126
"[B6-01-4um-10,SET-RESET,57,8_5_2024 6_32_51 PM].csv",0.85,0.000484172
"[B6-01-4um-10,SET-RESET,57,8_5_2024 6_32_57 PM].csv",0.875,0.0004931696
"[B6-01-4um-10,SET-RESET,57,8_5_2024 6_33_04 PM].csv",0.725,0.00040240809999999997
"[B6-01-4um-10,SET-RESET,57,8_5_2024 6_33_10 PM].csv",0.85,0.0004933612
"[B6-01-4um-10,SET-RESET,57,8_5_2024 6_33_16 PM].csv",0.975,0.0004946271999999999
"[B6-01-4um-10,SET-RESET,57,8_5_2024 6_33_22 PM].csv",0.75,0.00042702399999999997
"[B6-01-4um-10,SET-RESET,57,8_5_2024 6_33_28 PM].csv",0.875,0.0004862
"[B6-01-4um-10,SET-RESET,57,8_5_2024 6_33_35 PM].csv",0.8,0.0004932525
"[B6-01-4um-10,SET-RESET,57,8_5_2024 6_33_41 PM].csv",0.775,0.00046011209999999997
"[B6-01-4um-12,SET-RESET,58,8_5_2024 6_34_59 PM].csv",1.575,0.000277
"[B6-01-4um-12,SET-RESET,58,8_5_2024 6_35_06 PM].csv",0.85,0.00027132
"[B6-01-4um-12,SET-RESET,58,8_5_2024 6_35_11 PM].csv",0.6,0.000243116
"[B6-01-4um-12,SET-RESET,58,8_5_2024 6_35_18 PM].csv",0.8,0.00040282
"[B6-01-4um-12,SET-RESET,58,8_5_2024 6_35_24 PM].csv",0.7,0.000307882
"[B6-01-4um-12,SET-RESET,58,8_5_2024 6_35_30 PM].csv",0.8,0.000344122
"[B6-01-4um-12,SET-RESET,58,8_5_2024 6_35_36 PM].csv",0.9,0.00022359000000000002
"[B6-01-4um-12,SET-RESET,58,8_5_2024 6_35_43 PM].csv",0.825,0.00023309999999999997
"[B6-01-4um-12,SET-RESET,58,8_5_2024 6_35_49 PM].csv",0.925,0.00017136
"[B6-01-4um-12,SET-RESET,58,8_5_2024 6_35_55 PM].csv",0.7,0.00021426199999999998
"[B6-01-4um-12,SET-RESET,58,8_5_2024 6_36_02 PM].csv",0.65,0.000154308
"[B6-01-4um-12,SET-RESET,58,8_5_2024 6_36_09 PM].csv",0.55,0.0001864
"[B6-01-4um-12,SET-RESET,58,8_5_2024 6_36_15 PM].csv",0.9,0.00031186
"[B6-01-4um-12,SET-RESET,58,8_5_2024 6_36_21 PM].csv",4.025,0.0004917563
"[B6-01-4um-12,SET-RESET,58,8_5_2024 6_36_27 PM].csv",0.725,0.0001612
"[B6-01-4um-12,SET-RESET,58,8_5_2024 6_36_34 PM].csv",0.65,0.000221428
"[B6-01-4um-12,SET-RESET,58,8_5_2024 6_36_40 PM].csv",0.8,0.00014942
"[B6-01-4um-12,SET-RESET,58,8_5_2024 6_36_46 PM].csv",0.75,0.00011685999999999999
"[B6-01-4um-12,SET-RESET,58,8_5_2024 6_36_52 PM].csv",0.75,0.00023942399999999996
"[B6-01-4um-12,SET-RESET,58,8_5_2024 6_36_58 PM].csv",0.65,0.000177882
"[C3-01-4um-01,SET-RESET,13,8_5_2024 2_29_48 PM].csv",1.075,0.00020705999999999996
"[C3-01-4um-01,SET-RESET,13,8_5_2024 2_29_55 PM].csv",1.125,0.00018973999999999998
"[C3-01-4um-01,SET-RESET,13,8_5_2024 2_30_01 PM].csv",0.8,0.00036011999999999996
"[C3-01-4um-01,SET-RESET,13,8_5_2024 2_30_07 PM].csv",0.775,0.00039198
"[C3-01-4um-01,SET-RESET,13,8_5_2024 2_30_13 PM].csv",1.0,0.00026095999999999997
"[C3-01-4um-01,SET-RESET,13,8_5_2024 2_30_20 PM].csv",0.75,0.000459666
"[C3-01-4um-01,SET-RESET,13,8_5_2024 2_30_26 PM].csv",0.725,0.000472816
"[C3-01-4um-01,SET-RESET,13,8_5_2024 2_30_32 PM].csv",0.675,0.00047570399999999997
"[C3-01-4um-01,SET-RESET,13,8_5_2024 2_30_38 PM].csv",0.875,0.00046846400000000003
"[C3-01-4um-01,SET-RESET,13,8_5_2024 2_30_44 PM].csv",0.725,0.000484732
"[C3-01-4um-01,SET-RESET,13,8_5_2024 2_30_51 PM].csv",0.825,0.00048733399999999997
"[C3-01-4um-01,SET-RESET,13,8_5_2024 2_30_57 PM].csv",0.8,0.000479222
"[C3-01-4um-01,SET-RESET,13,8_5_2024 2_31_03 PM].csv",0.675,0.000477834
"[C3-01-4um-01,SET-RESET,13,8_5_2024 2_31_09 PM].csv",0.875,0.000488876
"[C3-01-4um-01,SET-RESET,13,8_5_2024 2_31_15 PM].csv",0.575,0.00046562
"[C3-01-4um-01,SET-RESET,13,8_5_2024 2_31_21 PM].csv",0.9,0.00026336
"[C3-01-4um-01,SET-RESET,13,8_5_2024 2_31_27 PM].csv",0.7,0.000481968
"[C3-01-4um-01,SET-RESET,13,8_5_2024 2_31_34 PM].csv",0.775,0.000474796
"[C3-01-4um-01,SET-RESET,13,8_5_2024 2_31_40 PM].csv",0.875,0.0004908503
"[C3-01-4um-01,SET-RESET,13,8_5_2024 2_31_46 PM].csv",0.8,0.000480456
"[C3-01-4um-02,SET-RESET,14,8_5_2024 2_33_06 PM].csv",1.1,0.000144012
"[C3-01-4um-02,SET-RESET,14,8_5_2024 2_33_12 PM].csv",0.75,0.00018627999999999999
"[C3-01-4um-02,SET-RESET,14,8_5_2024 2_33_18 PM].csv",0.625,0.00024055999999999996
"[C3-01-4um-02,SET-RESET,14,8_5_2024 2_33_24 PM].csv",0.8,0.00025093800000000003
"[C3-01-4um-02,SET-RESET,14,8_5_2024 2_33_30 PM].csv",0.625,0.000179934
"[C3-01-4um-02,SET-RESET,14,8_5_2024 2_33_36 PM].csv",0.8,0.00017976000000000003
"[C3-01-4um-02,SET-RESET,14,8_5_2024 2_33_43 PM].csv",0.825,0.000194066
"[C3-01-4um-02,SET-RESET,14,8_5_2024 2_33_49 PM].csv",0.875,0.00014235999999999999
"[C3-01-4um-02,SET-RESET,14,8_5_2024 2_33_55 PM].csv",0.825,0.000156046
"[C3-01-4um-02,SET-RESET,14,8_5_2024 2_34_01 PM].csv",0.95,0.00012687999999999998
"[C3-01-4um-02,SET-RESET,14,8_5_2024 2_34_07 PM].csv",0.825,0.000187904
"[C3-01-4um-02,SET-RESET,14,8_5_2024 2_34_13 PM].csv",0.95,0.000423896
"[C3-01-4um-02,SET-RESET,14,8_5_2024 2_34_21 PM].csv",0.925,0.00028762
"[C3-01-4um-02,SET-RESET,14,8_5_2024 2_34_27 PM].csv",0.825,0.000487108
"[C3-01-4um-02,SET-RESET,14,8_5_2024 2_34_33 PM].csv",1.15,0.00013438
"[C3-01-4um-02,SET-RESET,14,8_5_2024 2_34_40 PM].csv",1.05,0.0002712
"[C3-01-4um-02,SET-RESET,14,8_5_2024 2_34_46 PM].csv",0.85,0.00034016200000000003
"[C3-01-4um-02,SET-RESET,14,8_5_2024 2_34_52 PM].csv",0.7,0.0004086773
"[C3-01-4um-02,SET-RESET,14,8_5_2024 2_34_58 PM].csv",1.05,0.00030914
"[C3-01-4um-02,SET-RESET,14,8_5_2024 2_35_05 PM].csv",1.175,0.00016367999999999998
"[C3-01-4um-03,SET-RESET,15,8_5_2024 2_36_10 PM].csv",0.75,0.00048162199999999996
"[C3-01-4um-03,SET-RESET,15,8_5_2024 2_36_16 PM].csv",0.6,0.00038061
"[C3-01-4um-03,SET-RESET,15,8_5_2024 2_36_22 PM].csv",0.65,0.000406666
"[C3-01-4um-03,SET-RESET,15,8_5_2024 2_36_28 PM].csv",0.7,0.000256332
"[C3-01-4um-03,SET-RESET,15,8_5_2024 2_36_35 PM].csv",0.7,0.000181378
"[C3-01-4um-03,SET-RESET,15,8_5_2024 2_36_41 PM].csv",0.9,0.00012077999999999999
"[C3-01-4um-03,SET-RESET,15,8_5_2024 2_36_47 PM].csv",0.775,0.000168488
"[C3-01-4um-03,SET-RESET,15,8_5_2024 2_36_54 PM].csv",0.975,0.00016292
"[C3-01-4um-03,SET-RESET,15,8_5_2024 2_37_00 PM].csv",0.85,0.000351652
"[C3-01-4um-03,SET-RESET,15,8_5_2024 2_37_06 PM].csv",0.925,0.00031643999999999997
"[C3-01-4um-03,SET-RESET,15,8_5_2024 2_37_12 PM].csv",0.9,0.0003794
"[C3-01-4um-03,SET-RESET,15,8_5_2024 2_37_18 PM].csv",0.675,0.0004769834
"[C3-01-4um-03,SET-RESET,15,8_5_2024 2_37_24 PM].csv",0.85,0.000483648
"[C3-01-4um-03,SET-RESET,15,8_5_2024 2_37_31 PM].csv",0.775,0.00048612199999999996
"[C3-01-4um-03,SET-RESET,15,8_5_2024 2_37_37 PM].csv",0.85,0.000484354
"[C3-01-4um-03,SET-RESET,15,8_5_2024 2_37_43 PM].csv",0.9,0.000482884
"[C3-01-4um-03,SET-RESET,15,8_5_2024 2_37_50 PM].csv",0.9,0.000481966
"[C3-01-4um-03,SET-RESET,15,8_5_2024 2_37_55 PM].csv",0.875,0.000484636
"[C3-01-4um-03,SET-RESET,15,8_5_2024 2_38_02 PM].csv",0.875,0.000480358
"[C3-01-4um-03,SET-RESET,15,8_5_2024 2_38_08 PM].csv",0.725,0.0004908431
"[C3-01-4um-04,SET-RESET,16,8_5_2024 2_39_14 PM].csv",1.35,0.00015062000000000002
"[C3-01-4um-04,SET-RESET,16,8_5_2024 2_39_21 PM].csv",0.85,0.00017434
"[C3-01-4um-04,SET-RESET,16,8_5_2024 2_39_27 PM].csv",0.825,0.00017138000000000003
"[C3-01-4um-04,SET-RESET,16,8_5_2024 2_39_33 PM].csv",1.025,0.00018354
"[C3-01-4um-04,SET-RESET,16,8_5_2024 2_39_39 PM].csv",0.6,0.00039758599999999996
"[C3-01-4um-04,SET-RESET,16,8_5_2024 2_39_45 PM].csv",0.7,0.00048068199999999996
"[C3-01-4um-04,SET-RESET,16,8_5_2024 2_39_51 PM].csv",1.05,0.00030366
"[C3-01-4um-04,SET-RESET,16,8_5_2024 2_39_57 PM].csv",1.1,0.00034849999999999996
"[C3-01-4um-04,SET-RESET,16,8_5_2024 2_40_04 PM].csv",0.9,0.0004930446
"[C3-01-4um-04,SET-RESET,16,8_5_2024 2_40_10 PM].csv",0.9,0.0004948171
"[C3-01-4um-04,SET-RESET,16,8_5_2024 2_40_17 PM].csv",0.825,0.0004945575
"[C3-01-4um-04,SET-RESET,16,8_5_2024 2_40_23 PM].csv",1.025,0.0004942837
"[C3-01-4um-04,SET-RESET,16,8_5_2024 2_40_30 PM].csv",0.925,0.00034574
"[C3-01-4um-04,SET-RESET,16,8_5_2024 2_40_36 PM].csv",0.825,0.0004923543
"[C3-01-4um-04,SET-RESET,16,8_5_2024 2_40_42 PM].csv",0.75,0.0004942683
"[C3-01-4um-04,SET-RESET,16,8_5_2024 2_40_49 PM].csv",0.925,0.0004934743
"[C3-01-4um-04,SET-RESET,16,8_5_2024 2_40_55 PM].csv",0.825,0.0004906288
"[C3-01-4um-04,SET-RESET,16,8_5_2024 2_41_02 PM].csv",0.875,0.0004949396
"[C3-01-4um-04,SET-RESET,16,8_5_2024 2_41_07 PM].csv",0.975,0.0004916257
"[C3-01-4um-04,SET-RESET,16,8_5_2024 2_41_13 PM].csv",0.775,0.00046996
"[C3-01-4um-05,SET-RESET,17,8_5_2024 2_42_22 PM].csv",1.35,0.0004972733
"[C3-01-4um-05,SET-RESET,17,8_5_2024 2_42_28 PM].csv",1.2,0.0004984955999999999
"[C3-01-4um-05,SET-RESET,17,8_5_2024 2_42_34 PM].csv",0.975,0.0004982484
"[C3-01-4um-05,SET-RESET,17,8_5_2024 2_42_41 PM].csv",1.325,0.0004988545
"[C3-01-4um-05,SET-RESET,17,8_5_2024 2_42_48 PM].csv",1.125,0.0004985753999999999
"[C3-01-4um-05,SET-RESET,17,8_5_2024 2_42_54 PM].csv",1.05,0.0004977321
"[C3-01-4um-05,SET-RESET,17,8_5_2024 2_43_00 PM].csv",1.35,0.0004987248
"[C3-01-4um-05,SET-RESET,17,8_5_2024 2_43_07 PM].csv",0.85,0.0004947438
"[C3-01-4um-05,SET-RESET,17,8_5_2024 2_43_13 PM].csv",0.875,0.0004956328
"[C3-01-4um-05,SET-RESET,17,8_5_2024 2_43_20 PM].csv",1.2,0.0004987971
"[C3-01-4um-05,SET-RESET,17,8_5_2024 2_43_27 PM].csv",1.25,0.000496429
"[C3-01-4um-05,SET-RESET,17,8_5_2024 2_43_34 PM].csv",1.125,0.0004979488
"[C3-01-4um-05,SET-RESET,17,8_5_2024 2_43_41 PM].csv",1.55,0.00049915408
"[C3-01-4um-05,SET-RESET,17,8_5_2024 2_43_47 PM].csv",2.3000000000000003,0.00027309999999999997
"[C3-01-4um-05,SET-RESET,17,8_5_2024 2_43_53 PM].csv",0.975,0.00021946
"[C3-01-4um-05,SET-RESET,17,8_5_2024 2_44_00 PM].csv",0.9,0.0004920192
"[C3-01-4um-05,SET-RESET,17,8_5_2024 2_44_06 PM].csv",0.9,0.00048617399999999997
"[C3-01-4um-05,SET-RESET,17,8_5_2024 2_44_12 PM].csv",0.85,0.0004905787
"[C3-01-4um-05,SET-RESET,17,8_5_2024 2_44_18 PM].csv",1.2,0.00049918548
"[C3-01-4um-05,SET-RESET,17,8_5_2024 2_44_25 PM].csv",1.05,0.0004971152
"[C3-01-4um-06,SET-RESET,18,8_5_2024 2_45_40 PM].csv",1.125,0.00017448
"[C3-01-4um-06,SET-RESET,18,8_5_2024 2_45_46 PM].csv",1.1,0.00024586
"[C3-01-4um-06,SET-RESET,18,8_5_2024 2_45_53 PM].csv",0.775,0.000471924
"[C3-01-4um-06,SET-RESET,18,8_5_2024 2_45_59 PM].csv",0.875,0.000473488
"[C3-01-4um-06,SET-RESET,18,8_5_2024 2_46_05 PM].csv",0.625,0.000486982
"[C3-01-4um-06,SET-RESET,18,8_5_2024 2_46_11 PM].csv",1.1,0.00032982
"[C3-01-4um-06,SET-RESET,18,8_5_2024 2_46_17 PM].csv",1.225,0.00018868
"[C3-01-4um-06,SET-RESET,18,8_5_2024 2_46_24 PM].csv",0.75,0.00046727
"[C3-01-4um-06,SET-RESET,18,8_5_2024 2_46_30 PM].csv",1.075,0.000429548
"[C3-01-4um-06,SET-RESET,18,8_5_2024 2_46_36 PM].csv",0.75,0.000486402
"[C3-01-4um-06,SET-RESET,18,8_5_2024 2_46_42 PM].csv",0.875,0.00048673
"[C3-01-4um-06,SET-RESET,18,8_5_2024 2_46_48 PM].csv",0.825,0.00048608
"[C3-01-4um-06,SET-RESET,18,8_5_2024 2_46_54 PM].csv",0.875,0.000476442
"[C3-01-4um-06,SET-RESET,18,8_5_2024 2_47_00 PM].csv",0.825,0.000483136
"[C3-01-4um-06,SET-RESET,18,8_5_2024 2_47_07 PM].csv",0.95,0.00045591
"[C3-01-4um-06,SET-RESET,18,8_5_2024 2_47_13 PM].csv",0.9,0.000463468
"[C3-01-4um-06,SET-RESET,18,8_5_2024 2_47_20 PM].csv",1.025,0.000458968
"[C3-01-4um-06,SET-RESET,18,8_5_2024 2_47_26 PM].csv",1.2,0.000425296
"[C3-01-4um-06,SET-RESET,18,8_5_2024 2_47_33 PM].csv",1.15,0.000440194
"[C3-01-4um-06,SET-RESET,18,8_5_2024 2_47_39 PM].csv",0.85,0.0004895121
"[C3-01-4um-07,SET-RESET,19,8_5_2024 2_49_11 PM].csv",0.85,8.8212e-05
"[C3-01-4um-07,SET-RESET,19,8_5_2024 2_49_18 PM].csv",0.775,0.00046782999999999997
"[C3-01-4um-07,SET-RESET,19,8_5_2024 2_49_24 PM].csv",0.85,0.000477752
"[C3-01-4um-07,SET-RESET,19,8_5_2024 2_49_30 PM].csv",0.975,0.00034726
"[C3-01-4um-07,SET-RESET,19,8_5_2024 2_49_36 PM].csv",0.7,0.000472
"[C3-01-4um-07,SET-RESET,19,8_5_2024 2_49_42 PM].csv",0.85,0.000483414
"[C3-01-4um-07,SET-RESET,19,8_5_2024 2_49_49 PM].csv",0.775,0.000435024
"[C3-01-4um-07,SET-RESET,19,8_5_2024 2_49_55 PM].csv",0.75,0.00047606
"[C3-01-4um-07,SET-RESET,19,8_5_2024 2_50_01 PM].csv",0.85,0.000442666
"[C3-01-4um-07,SET-RESET,19,8_5_2024 2_50_08 PM].csv",0.85,0.000421148
"[C3-01-4um-07,SET-RESET,19,8_5_2024 2_50_14 PM].csv",0.975,0.0003392
"[C3-01-4um-07,SET-RESET,19,8_5_2024 2_50_20 PM].csv",0.925,0.000405264
"[C3-01-4um-07,SET-RESET,19,8_5_2024 2_50_26 PM].csv",0.95,0.00040525
"[C3-01-4um-07,SET-RESET,19,8_5_2024 2_50_32 PM].csv",1.0,0.000400636
"[C3-01-4um-07,SET-RESET,19,8_5_2024 2_50_39 PM].csv",1.025,0.000405228
"[C3-01-4um-07,SET-RESET,19,8_5_2024 2_50_45 PM].csv",0.85,0.00047942199999999996
"[C3-01-4um-07,SET-RESET,19,8_5_2024 2_50_51 PM].csv",0.825,0.000480856
"[C3-01-4um-07,SET-RESET,19,8_5_2024 2_50_58 PM].csv",1.025,0.00040992
"[C3-01-4um-07,SET-RESET,19,8_5_2024 2_51_04 PM].csv",0.975,0.00048644599999999997
"[C3-01-4um-07,SET-RESET,19,8_5_2024 2_51_10 PM].csv",0.975,0.000487732
"[C3-01-4um-08,SET-RESET,20,8_5_2024 2_52_16 PM].csv",1.175,0.00027536
"[C3-01-4um-08,SET-RESET,20,8_5_2024 2_52_23 PM].csv",1.125,0.000466612
"[C3-01-4um-08,SET-RESET,20,8_5_2024 2_52_29 PM].csv",0.85,0.00048489
"[C3-01-4um-08,SET-RESET,20,8_5_2024 2_52_35 PM].csv",0.875,0.000440148
"[C3-01-4um-08,SET-RESET,20,8_5_2024 2_52_42 PM].csv",2.05,0.00048469199999999995
"[C3-01-4um-08,SET-RESET,20,8_5_2024 2_52_48 PM].csv",1.4,0.00023517999999999998
"[C3-01-4um-08,SET-RESET,20,8_5_2024 2_52_54 PM].csv",1.275,0.00023234000000000004
"[C3-01-4um-08,SET-RESET,20,8_5_2024 2_53_00 PM].csv",0.975,0.00021494
"[C3-01-4um-08,SET-RESET,20,8_5_2024 2_53_07 PM].csv",0.975,0.0002812
"[C3-01-4um-08,SET-RESET,20,8_5_2024 2_53_13 PM].csv",1.075,0.00026221999999999997
"[C3-01-4um-08,SET-RESET,20,8_5_2024 2_53_19 PM].csv",0.825,0.00028522199999999996
"[C3-01-4um-08,SET-RESET,20,8_5_2024 2_53_26 PM].csv",0.925,0.000479246
"[C3-01-4um-08,SET-RESET,20,8_5_2024 2_53_32 PM].csv",0.85,0.00028096
"[C3-01-4um-08,SET-RESET,20,8_5_2024 2_53_38 PM].csv",1.175,0.00026806
"[C3-01-4um-08,SET-RESET,20,8_5_2024 2_53_45 PM].csv",0.875,0.00030518
"[C3-01-4um-08,SET-RESET,20,8_5_2024 2_53_51 PM].csv",0.95,0.00016142
"[C3-01-4um-08,SET-RESET,20,8_5_2024 2_53_58 PM].csv",0.95,0.000471022
"[C3-01-4um-08,SET-RESET,20,8_5_2024 2_54_04 PM].csv",0.875,0.00022513999999999998
"[C3-01-4um-08,SET-RESET,20,8_5_2024 2_54_10 PM].csv",0.9,0.00023766
"[C3-01-4um-08,SET-RESET,20,8_5_2024 2_54_16 PM].csv",0.9,0.00025975999999999994
"[C3-01-4um-09,SET-RESET,21,8_5_2024 2_55_25 PM].csv",0.95,0.00012314200000000002
"[C3-01-4um-09,SET-RESET,21,8_5_2024 2_55_31 PM].csv",0.825,0.00019868200000000002
"[C3-01-4um-09,SET-RESET,21,8_5_2024 2_55_39 PM].csv",0.8,0.00014122
"[C3-01-4um-09,SET-RESET,21,8_5_2024 2_55_45 PM].csv",0.95,0.00016147999999999998
"[C3-01-4um-09,SET-RESET,21,8_5_2024 2_55_51 PM].csv",0.925,0.00010871
"[C3-01-4um-09,SET-RESET,21,8_5_2024 2_55_57 PM].csv",0.675,0.000274668
"[C3-01-4um-09,SET-RESET,21,8_5_2024 2_56_03 PM].csv",0.85,0.00028574
"[C3-01-4um-09,SET-RESET,21,8_5_2024 2_56_10 PM].csv",0.725,0.000485892
"[C3-01-4um-09,SET-RESET,21,8_5_2024 2_56_16 PM].csv",1.075,0.00024988
"[C3-01-4um-09,SET-RESET,21,8_5_2024 2_56_22 PM].csv",0.85,0.000482038
"[C3-01-4um-09,SET-RESET,21,8_5_2024 2_56_28 PM].csv",0.825,0.000481276
"[C3-01-4um-09,SET-RESET,21,8_5_2024 2_56_34 PM].csv",0.7,0.000483654
"[C3-01-4um-09,SET-RESET,21,8_5_2024 2_56_40 PM].csv",0.9,0.000476784
"[C3-01-4um-09,SET-RESET,21,8_5_2024 2_56_47 PM].csv",0.875,0.0003184108
"[C3-01-4um-09,SET-RESET,21,8_5_2024 2_56_53 PM].csv",0.875,0.0004897351
"[C3-01-4um-09,SET-RESET,21,8_5_2024 2_56_59 PM].csv",0.475,0.0002638942
"[C3-01-4um-09,SET-RESET,21,8_5_2024 2_57_05 PM].csv",0.75,0.0004901682
"[C3-01-4um-09,SET-RESET,21,8_5_2024 2_57_11 PM].csv",0.825,0.0004913269
"[C3-01-4um-09,SET-RESET,21,8_5_2024 2_57_18 PM].csv",0.725,0.000488958
"[C3-01-4um-09,SET-RESET,21,8_5_2024 2_57_24 PM].csv",0.875,0.0004912243
"[C3-01-4um-10,SET-RESET,22,8_5_2024 2_58_54 PM].csv",0.825,0.000198046
"[C3-01-4um-10,SET-RESET,22,8_5_2024 2_59_00 PM].csv",1.2,6.182000000000003e-05
"[C3-01-4um-10,SET-RESET,22,8_5_2024 2_59_07 PM].csv",1.325,0.00012596
"[C3-01-4um-10,SET-RESET,22,8_5_2024 2_59_13 PM].csv",1.0,5.356000000000002e-05
"[C3-01-4um-10,SET-RESET,22,8_5_2024 2_59_19 PM].csv",1.1,6.419999999999999e-05
"[C3-01-4um-10,SET-RESET,22,8_5_2024 2_59_26 PM].csv",1.15,7.331999999999998e-05
"[C3-01-4um-10,SET-RESET,22,8_5_2024 2_59_32 PM].csv",1.35,9.032000000000002e-05
"[C3-01-4um-10,SET-RESET,22,8_5_2024 2_59_39 PM].csv",0.65,3.2483999999999996e-05
"[C3-01-4um-10,SET-RESET,22,8_5_2024 2_59_45 PM].csv",1.225,3.267999999999999e-05
"[C3-01-4um-10,SET-RESET,22,8_5_2024 2_59_51 PM].csv",1.375,7.617999999999997e-05
"[C3-01-4um-10,SET-RESET,22,8_5_2024 2_59_57 PM].csv",1.025,4.539999999999999e-05
"[C3-01-4um-10,SET-RESET,22,8_5_2024 3_00_03 PM].csv",1.1,7.455999999999999e-05
"[C3-01-4um-10,SET-RESET,22,8_5_2024 3_00_09 PM].csv",0.825,7.020000000000001e-05
"[C3-01-4um-10,SET-RESET,22,8_5_2024 3_00_16 PM].csv",1.0,6.049999999999998e-05
"[C3-01-4um-10,SET-RESET,22,8_5_2024 3_00_23 PM].csv",0.95,3.3860000000000004e-05
"[C3-01-4um-10,SET-RESET,22,8_5_2024 3_00_30 PM].csv",0.875,6.912399999999998e-05
"[C3-01-4um-10,SET-RESET,22,8_5_2024 3_00_36 PM].csv",0.925,3.8e-05
"[C3-01-4um-10,SET-RESET,22,8_5_2024 3_00_42 PM].csv",0.575,4.7294000000000005e-05
"[C3-01-4um-10,SET-RESET,22,8_5_2024 3_00_49 PM].csv",0.8,2.6460000000000014e-05
"[C3-01-4um-10,SET-RESET,22,8_5_2024 3_00_56 PM].csv",0.6,6.2202e-05
"[C3-01-4um-11,SET-RESET,23,8_5_2024 3_04_34 PM].csv",1.675,0.000291364
"[C3-01-4um-11,SET-RESET,23,8_5_2024 3_04_40 PM].csv",0.675,0.00031616
"[C3-01-4um-11,SET-RESET,23,8_5_2024 3_04_47 PM].csv",0.775,0.0002631
"[C3-01-4um-11,SET-RESET,23,8_5_2024 3_04_53 PM].csv",0.8,0.00047617
"[C3-01-4um-11,SET-RESET,23,8_5_2024 3_04_59 PM].csv",0.725,0.000202636
"[C3-01-4um-11,SET-RESET,23,8_5_2024 3_05_05 PM].csv",0.75,0.000247448
"[C3-01-4um-11,SET-RESET,23,8_5_2024 3_05_11 PM].csv",0.825,0.000482776
"[C3-01-4um-11,SET-RESET,23,8_5_2024 3_05_17 PM].csv",0.75,0.00048370199999999997
"[C3-01-4um-11,SET-RESET,23,8_5_2024 3_05_24 PM].csv",0.85,0.000486146
"[C3-01-4um-11,SET-RESET,23,8_5_2024 3_05_30 PM].csv",0.85,0.0004922209
"[C3-01-4um-11,SET-RESET,23,8_5_2024 3_05_36 PM].csv",0.65,0.00048600600000000004
"[C3-01-4um-11,SET-RESET,23,8_5_2024 3_05_42 PM].csv",0.875,0.00036763999999999997
"[C3-01-4um-11,SET-RESET,23,8_5_2024 3_05_48 PM].csv",0.9,0.00017768
"[C3-01-4um-11,SET-RESET,23,8_5_2024 3_05_54 PM].csv",0.65,0.00046097200000000003
"[C3-01-4um-11,SET-RESET,23,8_5_2024 3_06_00 PM].csv",0.8,0.000483308
"[C3-01-4um-11,SET-RESET,23,8_5_2024 3_06_07 PM].csv",0.75,0.0004924742
"[C3-01-4um-11,SET-RESET,23,8_5_2024 3_06_13 PM].csv",0.75,0.0004908185
"[C3-01-4um-11,SET-RESET,23,8_5_2024 3_06_19 PM].csv",0.9,0.0004895934
"[C3-01-4um-11,SET-RESET,23,8_5_2024 3_06_25 PM].csv",0.875,0.00029702
"[C3-01-4um-11,SET-RESET,23,8_5_2024 3_06_32 PM].csv",0.8,0.000484792
"[C3-01-4um-12,SET-RESET,24,8_5_2024 3_07_52 PM].csv",1.1,0.00026338
"[C3-01-4um-12,SET-RESET,24,8_5_2024 3_07_58 PM].csv",0.925,0.00016736
"[C3-01-4um-12,SET-RESET,24,8_5_2024 3_08_04 PM].csv",0.55,0.000159312
"[C3-01-4um-12,SET-RESET,24,8_5_2024 3_08_11 PM].csv",0.6,0.000146684
"[C3-01-4um-12,SET-RESET,24,8_5_2024 3_08_17 PM].csv",0.675,0.00029847799999999997
"[C3-01-4um-12,SET-RESET,24,8_5_2024 3_08_24 PM].csv",0.85,0.00011258000000000001
"[C3-01-4um-12,SET-RESET,24,8_5_2024 3_08_30 PM].csv",0.925,0.00024823999999999994
"[C3-01-4um-12,SET-RESET,24,8_5_2024 3_08_36 PM].csv",0.975,0.00030701999999999997
"[C3-01-4um-12,SET-RESET,24,8_5_2024 3_08_42 PM].csv",0.825,0.00047096999999999997
"[C3-01-4um-12,SET-RESET,24,8_5_2024 3_08_48 PM].csv",0.6,0.000444676
"[C3-01-4um-12,SET-RESET,24,8_5_2024 3_08_54 PM].csv",0.775,0.00046482399999999997
"[C3-01-4um-12,SET-RESET,24,8_5_2024 3_09_00 PM].csv",0.775,0.000468842
"[C3-01-4um-12,SET-RESET,24,8_5_2024 3_09_06 PM].csv",0.925,0.00031732
"[C3-01-4um-12,SET-RESET,24,8_5_2024 3_09_13 PM].csv",0.775,0.000461132
"[C3-01-4um-12,SET-RESET,24,8_5_2024 3_09_19 PM].csv",0.675,0.000394522
"[C3-01-4um-12,SET-RESET,24,8_5_2024 3_09_25 PM].csv",0.65,0.000274062
"[C3-01-4um-12,SET-RESET,24,8_5_2024 3_09_31 PM].csv",0.75,0.00021012
"[C3-01-4um-12,SET-RESET,24,8_5_2024 3_09_37 PM].csv",0.75,0.00022496000000000001
"[C3-01-4um-12,SET-RESET,24,8_5_2024 3_09_44 PM].csv",0.9,0.00024968
"[C3-01-4um-12,SET-RESET,24,8_5_2024 3_09_50 PM].csv",0.925,0.00028772
"[C3-02-4um-01,SET-RESET,1,8_5_2024 1_22_24 PM].csv",1.375,0.00021592000000000003
"[C3-02-4um-01,SET-RESET,1,8_5_2024 1_22_30 PM].csv",0.725,0.000423982
"[C3-02-4um-01,SET-RESET,1,8_5_2024 1_22_36 PM].csv",1.45,0.00030634
"[C3-02-4um-01,SET-RESET,1,8_5_2024 1_22_42 PM].csv",1.3,0.00035282
"[C3-02-4um-01,SET-RESET,1,8_5_2024 1_22_48 PM].csv",1.375,0.00034306
"[C3-02-4um-01,SET-RESET,1,8_5_2024 1_22_54 PM].csv",1.575,0.00031944000000000005
"[C3-02-4um-01,SET-RESET,1,8_5_2024 1_23_00 PM].csv",1.625,0.00024423999999999995
"[C3-02-4um-01,SET-RESET,1,8_5_2024 1_23_06 PM].csv",1.725,0.00018376000000000004
"[C3-02-4um-01,SET-RESET,1,8_5_2024 1_23_13 PM].csv",1.125,0.000397272
"[C3-02-4um-01,SET-RESET,1,8_5_2024 1_23_19 PM].csv",1.325,0.00035873999999999997
"[C3-02-4um-01,SET-RESET,1,8_5_2024 1_23_25 PM].csv",1.3,0.000399202
"[C3-02-4um-01,SET-RESET,1,8_5_2024 1_23_31 PM].csv",1.3,0.000391984
"[C3-02-4um-01,SET-RESET,1,8_5_2024 1_23_37 PM].csv",1.45,0.00034451999999999996
"[C3-02-4um-01,SET-RESET,1,8_5_2024 1_23_43 PM].csv",1.725,0.00026692
"[C3-02-4um-01,SET-RESET,1,8_5_2024 1_23_50 PM].csv",1.15,0.000431132
"[C3-02-4um-01,SET-RESET,1,8_5_2024 1_23_56 PM].csv",1.325,0.00036284
"[C3-02-4um-01,SET-RESET,1,8_5_2024 1_24_02 PM].csv",0.85,0.00047218
"[C3-02-4um-01,SET-RESET,1,8_5_2024 1_24_08 PM].csv",1.125,0.000430882
"[C3-02-4um-01,SET-RESET,1,8_5_2024 1_24_15 PM].csv",1.125,0.00043361399999999997
"[C3-02-4um-01,SET-RESET,1,8_5_2024 1_24_21 PM].csv",1.15,0.000432456
"[C3-02-4um-02,SET-RESET,2,8_5_2024 1_25_31 PM].csv",3.825,0.00049984556
"[C3-02-4um-02,SET-RESET,2,8_5_2024 1_25_37 PM].csv",0.7,0.00020930000000000002
"[C3-02-4um-02,SET-RESET,2,8_5_2024 1_25_44 PM].csv",0.75,0.00011701999999999996
"[C3-02-4um-02,SET-RESET,2,8_5_2024 1_25_51 PM].csv",0.675,8.783999999999999e-05
"[C3-02-4um-02,SET-RESET,2,8_5_2024 1_25_57 PM].csv",0.825,0.0001511
"[C3-02-4um-02,SET-RESET,2,8_5_2024 1_26_03 PM].csv",0.85,0.0002248
"[C3-02-4um-02,SET-RESET,2,8_5_2024 1_26_09 PM].csv",0.775,0.000336786
"[C3-02-4um-02,SET-RESET,2,8_5_2024 1_26_15 PM].csv",0.925,0.00016955999999999997
"[C3-02-4um-02,SET-RESET,2,8_5_2024 1_26_21 PM].csv",0.875,0.00018441999999999997
"[C3-02-4um-02,SET-RESET,2,8_5_2024 1_26_27 PM].csv",0.95,0.00015993999999999996
"[C3-02-4um-02,SET-RESET,2,8_5_2024 1_26_33 PM].csv",0.975,0.00011336000000000001
"[C3-02-4um-02,SET-RESET,2,8_5_2024 1_26_39 PM].csv",0.8,0.000126536
"[C3-02-4um-02,SET-RESET,2,8_5_2024 1_26_45 PM].csv",0.85,0.00020944600000000001
"[C3-02-4um-02,SET-RESET,2,8_5_2024 1_26_51 PM].csv",0.65,0.0001368492
"[C3-02-4um-02,SET-RESET,2,8_5_2024 1_26_57 PM].csv",0.75,0.00023508
"[C3-02-4um-02,SET-RESET,2,8_5_2024 1_27_03 PM].csv",0.675,0.00014819199999999998
"[C3-02-4um-02,SET-RESET,2,8_5_2024 1_27_09 PM].csv",0.675,9.340000000000001e-05
"[C3-02-4um-02,SET-RESET,2,8_5_2024 1_27_15 PM].csv",0.725,0.00015510600000000002
"[C3-02-4um-02,SET-RESET,2,8_5_2024 1_27_21 PM].csv",0.9,0.00011680000000000002
"[C3-02-4um-02,SET-RESET,2,8_5_2024 1_27_27 PM].csv",0.875,8.062e-05
"[C3-02-4um-03,SET-RESET,3,8_5_2024 1_28_29 PM].csv",2.225,0.0004999781612
"[C3-02-4um-03,SET-RESET,3,8_5_2024 1_28_36 PM].csv",1.75,0.00049965778
"[C3-02-4um-03,SET-RESET,3,8_5_2024 1_28_42 PM].csv",1.1,0.0004975572
"[C3-02-4um-03,SET-RESET,3,8_5_2024 1_28_48 PM].csv",0.875,0.0004977007
"[C3-02-4um-03,SET-RESET,3,8_5_2024 1_28_54 PM].csv",0.875,0.0004929490999999999
"[C3-02-4um-03,SET-RESET,3,8_5_2024 1_29_00 PM].csv",0.975,0.00049905544
"[C3-02-4um-03,SET-RESET,3,8_5_2024 1_29_06 PM].csv",1.075,0.0004973767
"[C3-02-4um-03,SET-RESET,3,8_5_2024 1_29_12 PM].csv",0.975,0.0004987006
"[C3-02-4um-03,SET-RESET,3,8_5_2024 1_29_18 PM].csv",1.175,0.0004988013
"[C3-02-4um-03,SET-RESET,3,8_5_2024 1_29_24 PM].csv",1.075,0.0004977668999999999
"[C3-02-4um-03,SET-RESET,3,8_5_2024 1_29_31 PM].csv",0.95,0.0004969245
"[C3-02-4um-03,SET-RESET,3,8_5_2024 1_29_37 PM].csv",0.825,0.0004941726
"[C3-02-4um-03,SET-RESET,3,8_5_2024 1_29_43 PM].csv",0.875,0.0004937968
"[C3-02-4um-03,SET-RESET,3,8_5_2024 1_29_49 PM].csv",0.9,0.0004974262
"[C3-02-4um-03,SET-RESET,3,8_5_2024 1_29_57 PM].csv",0.85,0.0004935483
"[C3-02-4um-03,SET-RESET,3,8_5_2024 1_30_03 PM].csv",1.0,0.0004976109
"[C3-02-4um-03,SET-RESET,3,8_5_2024 1_30_09 PM].csv",1.0,0.0004980256999999999
"[C3-02-4um-03,SET-RESET,3,8_5_2024 1_30_16 PM].csv",1.05,0.0004978489
"[C3-02-4um-03,SET-RESET,3,8_5_2024 1_30_22 PM].csv",1.1,0.000496645
"[C3-02-4um-03,SET-RESET,3,8_5_2024 1_30_28 PM].csv",1.025,0.000498169
"[C3-02-4um-04,SET-RESET,4,8_5_2024 1_32_22 PM].csv",4.925,0.000500002067
"[C3-02-4um-05,SET-RESET,5,8_5_2024 1_33_23 PM].csv",0.9,0.00014836
"[C3-02-4um-05,SET-RESET,5,8_5_2024 1_33_29 PM].csv",0.625,0.00020718199999999998
"[C3-02-4um-05,SET-RESET,5,8_5_2024 1_33_36 PM].csv",0.975,0.00017680000000000001
"[C3-02-4um-05,SET-RESET,5,8_5_2024 1_33_42 PM].csv",0.925,0.00027192
"[C3-02-4um-05,SET-RESET,5,8_5_2024 1_33_48 PM].csv",0.925,0.0001194
"[C3-02-4um-05,SET-RESET,5,8_5_2024 1_33_54 PM].csv",1.05,0.00011678000000000003
"[C3-02-4um-05,SET-RESET,5,8_5_2024 1_34_00 PM].csv",0.9,0.00042335399999999997
"[C3-02-4um-05,SET-RESET,5,8_5_2024 1_34_06 PM].csv",1.0,0.00034484
"[C3-02-4um-05,SET-RESET,5,8_5_2024 1_34_13 PM].csv",0.975,0.000413812
"[C3-02-4um-05,SET-RESET,5,8_5_2024 1_34_19 PM].csv",0.95,0.0002815
"[C3-02-4um-05,SET-RESET,5,8_5_2024 1_34_25 PM].csv",0.775,0.000484112
"[C3-02-4um-05,SET-RESET,5,8_5_2024 1_34_31 PM].csv",0.925,0.000483338
"[C3-02-4um-05,SET-RESET,5,8_5_2024 1_34_38 PM].csv",0.675,0.000491203
"[C3-02-4um-05,SET-RESET,5,8_5_2024 1_34_44 PM].csv",0.975,0.000325614
"[C3-02-4um-05,SET-RESET,5,8_5_2024 1_34_50 PM].csv",0.725,0.0004927887
"[C3-02-4um-05,SET-RESET,5,8_5_2024 1_34_56 PM].csv",0.8,0.000482674
"[C3-02-4um-05,SET-RESET,5,8_5_2024 1_35_04 PM].csv",0.725,0.000491749
"[C3-02-4um-05,SET-RESET,5,8_5_2024 1_35_10 PM].csv",1.05,0.000483578
"[C3-02-4um-05,SET-RESET,5,8_5_2024 1_35_17 PM].csv",0.8,0.000473658
"[C3-02-4um-05,SET-RESET,5,8_5_2024 1_35_23 PM].csv",0.925,0.0004912963
"[C3-02-4um-06,SET-RESET,6,8_5_2024 1_38_54 PM].csv",1.525,0.0004534724
"[C3-02-4um-06,SET-RESET,6,8_5_2024 1_39_00 PM].csv",2.15,0.00028058
"[C3-02-4um-06,SET-RESET,6,8_5_2024 1_39_06 PM].csv",1.325,0.0004975989
"[C3-02-4um-06,SET-RESET,6,8_5_2024 1_39_12 PM].csv",1.275,0.0004964886
"[C3-02-4um-06,SET-RESET,6,8_5_2024 1_39_19 PM].csv",1.2,0.0004955278
"[C3-02-4um-06,SET-RESET,6,8_5_2024 1_39_25 PM].csv",1.6,0.0004972482
"[C3-02-4um-06,SET-RESET,6,8_5_2024 1_39_31 PM].csv",1.0,0.0004954048999999999
"[C3-02-4um-06,SET-RESET,6,8_5_2024 1_39_38 PM].csv",1.375,0.000496836
"[C3-02-4um-06,SET-RESET,6,8_5_2024 1_39_44 PM].csv",1.175,0.0004950118
"[C3-02-4um-06,SET-RESET,6,8_5_2024 1_39_50 PM].csv",1.225,0.0004931903
"[C3-02-4um-06,SET-RESET,6,8_5_2024 1_39_57 PM].csv",1.05,0.0004936401
"[C3-02-4um-06,SET-RESET,6,8_5_2024 1_40_03 PM].csv",1.325,0.0004968253
"[C3-02-4um-06,SET-RESET,6,8_5_2024 1_40_10 PM].csv",1.1,0.0004969725
"[C3-02-4um-06,SET-RESET,6,8_5_2024 1_40_17 PM].csv",1.475,0.0004975471999999999
"[C3-02-4um-06,SET-RESET,6,8_5_2024 1_40_24 PM].csv",1.25,0.0004962092999999999
"[C3-02-4um-06,SET-RESET,6,8_5_2024 1_40_31 PM].csv",1.1,0.0004949781999999999
"[C3-02-4um-06,SET-RESET,6,8_5_2024 1_40_38 PM].csv",1.35,0.0004962367
"[C3-02-4um-06,SET-RESET,6,8_5_2024 1_40_44 PM].csv",1.2,0.0004951643
"[C3-02-4um-06,SET-RESET,6,8_5_2024 1_40_51 PM].csv",1.3,0.0004967282
"[C3-02-4um-06,SET-RESET,6,8_5_2024 1_40_57 PM].csv",1.25,0.0004955927
"[C3-02-4um-07,SET-RESET,7,8_5_2024 1_44_10 PM].csv",1.025,0.00016107399999999998
"[C3-02-4um-07,SET-RESET,7,8_5_2024 1_44_16 PM].csv",0.75,0.00013489
"[C3-02-4um-07,SET-RESET,7,8_5_2024 1_44_22 PM].csv",0.8,0.000129434
"[C3-02-4um-07,SET-RESET,7,8_5_2024 1_44_28 PM].csv",1.075,0.00017144000000000003
"[C3-02-4um-07,SET-RESET,7,8_5_2024 1_44_35 PM].csv",0.975,0.00032158
"[C3-02-4um-07,SET-RESET,7,8_5_2024 1_44_41 PM].csv",1.05,0.00023999999999999998
"[C3-02-4um-07,SET-RESET,7,8_5_2024 1_44_47 PM].csv",1.0,0.0003156
"[C3-02-4um-07,SET-RESET,7,8_5_2024 1_44_53 PM].csv",0.875,0.000425658
"[C3-02-4um-07,SET-RESET,7,8_5_2024 1_44_59 PM].csv",0.85,0.00048823599999999997
"[C3-02-4um-07,SET-RESET,7,8_5_2024 1_45_05 PM].csv",1.025,0.00030238
"[C3-02-4um-07,SET-RESET,7,8_5_2024 1_45_12 PM].csv",0.975,0.000392356
"[C3-02-4um-07,SET-RESET,7,8_5_2024 1_45_19 PM].csv",1.025,0.000399454
"[C3-02-4um-07,SET-RESET,7,8_5_2024 1_45_24 PM].csv",1.05,0.00029978000000000003
"[C3-02-4um-07,SET-RESET,7,8_5_2024 1_45_30 PM].csv",1.0,0.000392036
"[C3-02-4um-07,SET-RESET,7,8_5_2024 1_45_37 PM].csv",1.2,0.00025984
"[C3-02-4um-07,SET-RESET,7,8_5_2024 1_45_43 PM].csv",0.975,0.00041041799999999996
"[C3-02-4um-07,SET-RESET,7,8_5_2024 1_45_50 PM].csv",1.025,0.00030466
"[C3-02-4um-07,SET-RESET,7,8_5_2024 1_45_55 PM].csv",0.775,0.00035785289999999996
"[C3-02-4um-07,SET-RESET,7,8_5_2024 1_46_02 PM].csv",1.0,0.00032468
"[C3-02-4um-07,SET-RESET,7,8_5_2024 1_46_08 PM].csv",0.875,0.00035809199999999996
"[C3-02-4um-08,SET-RESET,8,8_5_2024 1_47_59 PM].csv",1.05,0.00016312
"[C3-02-4um-08,SET-RESET,8,8_5_2024 1_48_05 PM].csv",0.875,0.000269522
"[C3-02-4um-08,SET-RESET,8,8_5_2024 1_48_11 PM].csv",0.875,0.000464976
"[C3-02-4um-08,SET-RESET,8,8_5_2024 1_48_17 PM].csv",0.9,0.000487094
"[C3-02-4um-08,SET-RESET,8,8_5_2024 1_48_23 PM].csv",0.825,0.0004924309
"[C3-02-4um-08,SET-RESET,8,8_5_2024 1_48_30 PM].csv",0.825,0.0004926791
"[C3-02-4um-08,SET-RESET,8,8_5_2024 1_48_36 PM].csv",0.725,0.00048111599999999997
"[C3-02-4um-08,SET-RESET,8,8_5_2024 1_48_42 PM].csv",0.825,0.0004919299
"[C3-02-4um-08,SET-RESET,8,8_5_2024 1_48_48 PM].csv",0.875,0.0004943715
"[C3-02-4um-08,SET-RESET,8,8_5_2024 1_48_54 PM].csv",0.825,0.0004927318
"[C3-02-4um-08,SET-RESET,8,8_5_2024 1_49_01 PM].csv",0.925,0.0004918920000000001
"[C3-02-4um-08,SET-RESET,8,8_5_2024 1_49_07 PM].csv",0.725,0.000318634
"[C3-02-4um-08,SET-RESET,8,8_5_2024 1_49_14 PM].csv",0.65,0.000462654
"[C3-02-4um-08,SET-RESET,8,8_5_2024 1_49_20 PM].csv",0.875,0.00034534800000000004
"[C3-02-4um-08,SET-RESET,8,8_5_2024 1_49_26 PM].csv",0.775,0.000119098
"[C3-02-4um-08,SET-RESET,8,8_5_2024 1_49_32 PM].csv",0.85,0.000212422
"[C3-02-4um-08,SET-RESET,8,8_5_2024 1_49_38 PM].csv",0.775,0.00043337399999999993
"[C3-02-4um-08,SET-RESET,8,8_5_2024 1_49_44 PM].csv",0.975,0.00020481999999999998
"[C3-02-4um-08,SET-RESET,8,8_5_2024 1_49_50 PM].csv",0.875,0.00027522
"[C3-02-4um-08,SET-RESET,8,8_5_2024 1_49_57 PM].csv",0.85,0.00044046
"[C3-02-4um-09,SET-RESET,9,8_5_2024 1_53_18 PM].csv",1.0,8.905000000000001e-05
"[C3-02-4um-09,SET-RESET,9,8_5_2024 1_53_24 PM].csv",0.8,0.00046404199999999996
"[C3-02-4um-09,SET-RESET,9,8_5_2024 1_53_31 PM].csv",0.775,0.000472928
"[C3-02-4um-09,SET-RESET,9,8_5_2024 1_53_37 PM].csv",1.2,0.00015235999999999998
"[C3-02-4um-09,SET-RESET,9,8_5_2024 1_53_43 PM].csv",1.025,0.00040184
"[C3-02-4um-09,SET-RESET,9,8_5_2024 1_53_49 PM].csv",1.2,0.000399908
"[C3-02-4um-09,SET-RESET,9,8_5_2024 1_53_56 PM].csv",1.175,0.000416536
"[C3-02-4um-09,SET-RESET,9,8_5_2024 1_54_02 PM].csv",0.95,0.000489026
"[C3-02-4um-09,SET-RESET,9,8_5_2024 1_54_08 PM].csv",0.825,0.0004906425
"[C3-02-4um-09,SET-RESET,9,8_5_2024 1_54_14 PM].csv",1.05,0.00041175399999999996
"[C3-02-4um-09,SET-RESET,9,8_5_2024 1_54_21 PM].csv",1.125,0.00045627
"[C3-02-4um-09,SET-RESET,9,8_5_2024 1_54_27 PM].csv",1.15,0.000434852
"[C3-02-4um-09,SET-RESET,9,8_5_2024 1_54_33 PM].csv",1.15,0.00040395599999999997
"[C3-02-4um-09,SET-RESET,9,8_5_2024 1_54_39 PM].csv",1.275,0.00019183999999999998
"[C3-02-4um-09,SET-RESET,9,8_5_2024 1_54_46 PM].csv",1.55,0.00017402
"[C3-02-4um-09,SET-RESET,9,8_5_2024 1_54_52 PM].csv",0.825,0.000459858
"[C3-02-4um-09,SET-RESET,9,8_5_2024 1_54_58 PM].csv",0.875,0.000465332
"[C3-02-4um-09,SET-RESET,9,8_5_2024 1_55_04 PM].csv",0.825,0.000479642
"[C3-02-4um-09,SET-RESET,9,8_5_2024 1_55_11 PM].csv",0.875,0.000458096
"[C3-02-4um-09,SET-RESET,9,8_5_2024 1_55_17 PM].csv",0.9,0.000436604
"[C3-02-4um-10,SET-RESET,10,8_5_2024 1_56_24 PM].csv",0.95,0.0001566033
"[C3-02-4um-10,SET-RESET,10,8_5_2024 1_56_30 PM].csv",0.95,0.00014610399999999998
"[C3-02-4um-10,SET-RESET,10,8_5_2024 1_56_36 PM].csv",0.9,0.00031836000000000006
"[C3-02-4um-10,SET-RESET,10,8_5_2024 1_56_42 PM].csv",1.025,8.476000000000002e-05
"[C3-02-4um-10,SET-RESET,10,8_5_2024 1_56_49 PM].csv",1.0,0.00018283999999999998
"[C3-02-4um-10,SET-RESET,10,8_5_2024 1_56_55 PM].csv",1.075,0.0002184
"[C3-02-4um-10,SET-RESET,10,8_5_2024 1_57_01 PM].csv",1.1,0.00024740000000000005
"[C3-02-4um-10,SET-RESET,10,8_5_2024 1_57_07 PM].csv",0.875,0.00026218
"[C3-02-4um-10,SET-RESET,10,8_5_2024 1_57_12 PM].csv",1.025,0.00023286
"[C3-02-4um-10,SET-RESET,10,8_5_2024 1_57_19 PM].csv",1.025,0.000312
"[C3-02-4um-10,SET-RESET,10,8_5_2024 1_57_26 PM].csv",0.925,0.000286054
"[C3-02-4um-10,SET-RESET,10,8_5_2024 1_57_32 PM].csv",0.675,0.000197082
"[C3-02-4um-10,SET-RESET,10,8_5_2024 1_57_38 PM].csv",0.925,0.00023806
"[C3-02-4um-10,SET-RESET,10,8_5_2024 1_57_45 PM].csv",0.775,0.0001628639
"[C3-02-4um-10,SET-RESET,10,8_5_2024 1_57_51 PM].csv",0.85,0.00027674000000000004
"[C3-02-4um-10,SET-RESET,10,8_5_2024 1_57_57 PM].csv",0.775,0.000173316
"[C3-02-4um-10,SET-RESET,10,8_5_2024 1_58_03 PM].csv",0.925,0.00018130000000000002
"[C3-02-4um-10,SET-RESET,10,8_5_2024 1_58_09 PM].csv",0.825,0.00025613000000000003
"[C3-02-4um-10,SET-RESET,10,8_5_2024 1_58_15 PM].csv",0.975,0.00034224
"[C3-02-4um-10,SET-RESET,10,8_5_2024 1_58_22 PM].csv",0.85,0.00032908
"[C3-02-4um-11,SET-RESET,11,8_5_2024 1_59_52 PM].csv",1.9,0.00023776
"[C3-02-4um-11,SET-RESET,11,8_5_2024 1_59_58 PM].csv",0.975,0.00039782
"[C3-02-4um-11,SET-RESET,11,8_5_2024 2_00_04 PM].csv",1.15,0.000406318
"[C3-02-4um-11,SET-RESET,11,8_5_2024 2_00_11 PM].csv",1.05,0.00041839199999999996
"[C3-02-4um-11,SET-RESET,11,8_5_2024 2_00_17 PM].csv",0.725,0.00048258199999999995
"[C3-02-4um-11,SET-RESET,11,8_5_2024 2_00_23 PM].csv",0.75,0.000485674
"[C3-02-4um-11,SET-RESET,11,8_5_2024 2_00_29 PM].csv",0.85,0.0004926905
"[C3-02-4um-11,SET-RESET,11,8_5_2024 2_00_35 PM].csv",1.025,0.0004943386
"[C3-02-4um-11,SET-RESET,11,8_5_2024 2_00_42 PM].csv",1.05,0.0004962261
"[C3-02-4um-11,SET-RESET,11,8_5_2024 2_00_49 PM].csv",1.0,0.0004964743
"[C3-02-4um-11,SET-RESET,11,8_5_2024 2_00_55 PM].csv",0.95,0.0004927547
"[C3-02-4um-11,SET-RESET,11,8_5_2024 2_01_01 PM].csv",1.0,0.0004951152
"[C3-02-4um-11,SET-RESET,11,8_5_2024 2_01_07 PM].csv",1.1,0.0004978527
"[C3-02-4um-11,SET-RESET,11,8_5_2024 2_01_14 PM].csv",0.9,0.0004953814
"[C3-02-4um-11,SET-RESET,11,8_5_2024 2_01_20 PM].csv",0.8,0.0004937756
"[C3-02-4um-11,SET-RESET,11,8_5_2024 2_01_26 PM].csv",1.075,0.0004972087
"[C3-02-4um-11,SET-RESET,11,8_5_2024 2_01_32 PM].csv",0.85,0.0004974110999999999
"[C3-02-4um-11,SET-RESET,11,8_5_2024 2_01_38 PM].csv",0.9,0.0004961558
"[C3-02-4um-11,SET-RESET,11,8_5_2024 2_01_44 PM].csv",1.125,0.0004972956
"[C3-02-4um-11,SET-RESET,11,8_5_2024 2_01_51 PM].csv",0.925,0.0004940096
"[C3-02-4um-12,SET-RESET,12,8_5_2024 2_03_58 PM].csv",0.85,0.00024266
"[C3-02-4um-12,SET-RESET,12,8_5_2024 2_04_04 PM].csv",0.825,0.00022977999999999999
"[C3-02-4um-12,SET-RESET,12,8_5_2024 2_04_10 PM].csv",0.975,0.00019931999999999996
"[C3-02-4um-12,SET-RESET,12,8_5_2024 2_04_16 PM].csv",0.9,0.00026724
"[C3-02-4um-12,SET-RESET,12,8_5_2024 2_04_23 PM].csv",0.95,0.00027857999999999995
"[C3-02-4um-12,SET-RESET,12,8_5_2024 2_04_29 PM].csv",0.85,0.00026838999999999997
"[C3-02-4um-12,SET-RESET,12,8_5_2024 2_04_36 PM].csv",0.825,0.00021950399999999998
"[C3-02-4um-12,SET-RESET,12,8_5_2024 2_04_42 PM].csv",0.925,0.00022826000000000004
"[C3-02-4um-12,SET-RESET,12,8_5_2024 2_04_48 PM].csv",1.075,0.00011857999999999997
"[C3-02-4um-12,SET-RESET,12,8_5_2024 2_04_54 PM].csv",0.875,0.00018839999999999997
"[C3-02-4um-12,SET-RESET,12,8_5_2024 2_05_01 PM].csv",0.775,0.00012727
"[C3-02-4um-12,SET-RESET,12,8_5_2024 2_05_07 PM].csv",0.95,0.00016438
"[C3-02-4um-12,SET-RESET,12,8_5_2024 2_05_14 PM].csv",0.875,0.00014735999999999997
"[C3-02-4um-12,SET-RESET,12,8_5_2024 2_05_20 PM].csv",0.9,0.0001298
"[C3-02-4um-12,SET-RESET,12,8_5_2024 2_05_27 PM].csv",1.025,0.00017766
"[C3-02-4um-12,SET-RESET,12,8_5_2024 2_05_33 PM].csv",0.825,0.00011615199999999997
"[C3-02-4um-12,SET-RESET,12,8_5_2024 2_05_39 PM].csv",0.675,0.00020849399999999999
"[C3-02-4um-12,SET-RESET,12,8_5_2024 2_05_45 PM].csv",0.875,0.000340246
"[C3-02-4um-12,SET-RESET,12,8_5_2024 2_05_51 PM].csv",1.025,0.00024372
"[C3-02-4um-12,SET-RESET,12,8_5_2024 2_05_57 PM].csv",1.075,0.00011766000000000001
"[c3-04-4um-01,SET-RESET,40,8_6_2024 4_36_04 PM].csv",1.025,0.0001213411
"[c3-04-4um-01,SET-RESET,40,8_6_2024 4_36_10 PM].csv",0.85,0.00027288
"[c3-04-4um-01,SET-RESET,40,8_6_2024 4_36_16 PM].csv",1.05,0.00025364000000000007
"[c3-04-4um-01,SET-RESET,40,8_6_2024 4_36_22 PM].csv",0.875,0.00029046
"[c3-04-4um-01,SET-RESET,40,8_6_2024 4_36_28 PM].csv",0.85,0.00033542
"[c3-04-4um-01,SET-RESET,40,8_6_2024 4_36_34 PM].csv",1.225,0.00028226
"[c3-04-4um-01,SET-RESET,40,8_6_2024 4_36_41 PM].csv",1.1,0.00028234
"[c3-04-4um-01,SET-RESET,40,8_6_2024 4_36_47 PM].csv",0.775,0.00028542
"[c3-04-4um-01,SET-RESET,40,8_6_2024 4_36_53 PM].csv",1.0,0.00029746
"[c3-04-4um-01,SET-RESET,40,8_6_2024 4_36_59 PM].csv",0.675,0.000485102
"[c3-04-4um-01,SET-RESET,40,8_6_2024 4_37_06 PM].csv",0.975,0.00029825999999999995
"[c3-04-4um-01,SET-RESET,40,8_6_2024 4_37_12 PM].csv",1.025,0.00029166
"[c3-04-4um-01,SET-RESET,40,8_6_2024 4_37_19 PM].csv",1.05,0.00032782
"[c3-04-4um-01,SET-RESET,40,8_6_2024 4_37_25 PM].csv",1.075,0.00032046
"[c3-04-4um-01,SET-RESET,40,8_6_2024 4_37_31 PM].csv",0.9,0.00034977999999999995
"[c3-04-4um-01,SET-RESET,40,8_6_2024 4_37_37 PM].csv",0.725,0.0004939041
"[c3-04-4um-01,SET-RESET,40,8_6_2024 4_37_44 PM].csv",0.8,0.0004944293
"[c3-04-4um-01,SET-RESET,40,8_6_2024 4_37_50 PM].csv",0.825,0.0004948827
"[c3-04-4um-01,SET-RESET,40,8_6_2024 4_37_56 PM].csv",1.3,0.00018652
"[c3-04-4um-01,SET-RESET,40,8_6_2024 4_38_03 PM].csv",0.925,0.00033803999999999996
"[c3-04-4um-02,SET-RESET,41,8_6_2024 4_39_11 PM].csv",0.075,0.00011539999999999999
"[c3-04-4um-02,SET-RESET,41,8_6_2024 4_39_17 PM].csv",0.075,0.00011503999999999998
"[c3-04-4um-02,SET-RESET,41,8_6_2024 4_39_24 PM].csv",0.775,0.0001421
"[c3-04-4um-02,SET-RESET,41,8_6_2024 4_39_30 PM].csv",0.7,0.00016596999999999998
"[c3-04-4um-02,SET-RESET,41,8_6_2024 4_39_37 PM].csv",0.725,0.00011947
"[c3-04-4um-02,SET-RESET,41,8_6_2024 4_39_44 PM].csv",0.825,0.000139546
"[c3-04-4um-02,SET-RESET,41,8_6_2024 4_39_50 PM].csv",0.775,6.927999999999999e-05
"[c3-04-4um-02,SET-RESET,41,8_6_2024 4_39_56 PM].csv",0.8,5.327999999999999e-05
"[c3-04-4um-02,SET-RESET,41,8_6_2024 4_40_02 PM].csv",0.8,6.313199999999999e-05
"[c3-04-4um-02,SET-RESET,41,8_6_2024 4_40_08 PM].csv",1.225,7.165999999999997e-05
"[c3-04-4um-02,SET-RESET,41,8_6_2024 4_40_14 PM].csv",1.075,6.450000000000002e-05
"[c3-04-4um-02,SET-RESET,41,8_6_2024 4_40_20 PM].csv",0.925,4.277000000000001e-05
"[c3-04-4um-02,SET-RESET,41,8_6_2024 4_40_26 PM].csv",0.875,7.219e-05
"[c3-04-4um-02,SET-RESET,41,8_6_2024 4_40_33 PM].csv",1.325,6.979999999999996e-05
"[c3-04-4um-02,SET-RESET,41,8_6_2024 4_40_39 PM].csv",1.225,7.222000000000001e-05
"[c3-04-4um-02,SET-RESET,41,8_6_2024 4_40_46 PM].csv",1.275,0.00016671999999999998
"[c3-04-4um-02,SET-RESET,41,8_6_2024 4_40_52 PM].csv",1.4,0.00012372000000000001
"[c3-04-4um-02,SET-RESET,41,8_6_2024 4_40_58 PM].csv",1.375,5.3280000000000005e-05
"[c3-04-4um-02,SET-RESET,41,8_6_2024 4_41_04 PM].csv",1.1,4.531999999999998e-05
"[c3-04-4um-02,SET-RESET,41,8_6_2024 4_41_10 PM].csv",0.925,5.772000000000001e-05
"[c3-04-4um-03,SET-RESET,42,8_6_2024 4_44_34 PM].csv",1.35,0.00019904000000000002
"[c3-04-4um-03,SET-RESET,42,8_6_2024 4_44_41 PM].csv",0.775,0.000175482
"[c3-04-4um-03,SET-RESET,42,8_6_2024 4_44_48 PM].csv",0.925,0.00018609999999999997
"[c3-04-4um-03,SET-RESET,42,8_6_2024 4_44_54 PM].csv",0.775,0.00018953999999999998
"[c3-04-4um-03,SET-RESET,42,8_6_2024 4_45_00 PM].csv",0.775,0.000201194
"[c3-04-4um-03,SET-RESET,42,8_6_2024 4_45_07 PM].csv",0.7,0.00017313000000000002
"[c3-04-4um-03,SET-RESET,42,8_6_2024 4_45_13 PM].csv",1.075,0.00014559999999999996
"[c3-04-4um-03,SET-RESET,42,8_6_2024 4_45_19 PM].csv",0.7,0.000161796
"[c3-04-4um-03,SET-RESET,42,8_6_2024 4_45_25 PM].csv",0.825,0.00022055200000000003
"[c3-04-4um-03,SET-RESET,42,8_6_2024 4_45_32 PM].csv",0.9,0.000260914
"[c3-04-4um-03,SET-RESET,42,8_6_2024 4_45_38 PM].csv",0.925,0.00013484199999999998
"[c3-04-4um-03,SET-RESET,42,8_6_2024 4_45_44 PM].csv",0.925,0.0001323
"[c3-04-4um-03,SET-RESET,42,8_6_2024 4_45_51 PM].csv",0.95,0.00016194
"[c3-04-4um-03,SET-RESET,42,8_6_2024 4_45_57 PM].csv",0.825,0.000152016
"[c3-04-4um-03,SET-RESET,42,8_6_2024 4_46_03 PM].csv",0.95,0.00012891999999999998
"[c3-04-4um-03,SET-RESET,42,8_6_2024 4_46_09 PM].csv",0.775,0.000259538
"[c3-04-4um-03,SET-RESET,42,8_6_2024 4_46_15 PM].csv",0.95,0.00014616
"[c3-04-4um-03,SET-RESET,42,8_6_2024 4_46_22 PM].csv",0.975,0.0001262
"[c3-04-4um-03,SET-RESET,42,8_6_2024 4_46_28 PM].csv",0.85,0.00015062
"[c3-04-4um-03,SET-RESET,42,8_6_2024 4_46_35 PM].csv",0.825,0.00026247200000000003
"[C3-04-4um-05,SET-RESET,43,8_6_2024 4_50_01 PM].csv",0.975,0.00011262000000000002
"[C3-04-4um-05,SET-RESET,43,8_6_2024 4_50_08 PM].csv",1.025,7.234e-05
"[C3-04-4um-05,SET-RESET,43,8_6_2024 4_50_14 PM].csv",0.8,0.00010792600000000001
"[C3-04-4um-05,SET-RESET,43,8_6_2024 4_50_20 PM].csv",1.05,0.00021571999999999997
"[C3-04-4um-05,SET-RESET,43,8_6_2024 4_50_27 PM].csv",0.775,0.000176474
"[C3-04-4um-05,SET-RESET,43,8_6_2024 4_50_33 PM].csv",0.75,0.000134222
"[C3-04-4um-05,SET-RESET,43,8_6_2024 4_50_39 PM].csv",0.775,0.00011337000000000001
"[C3-04-4um-05,SET-RESET,43,8_6_2024 4_50_46 PM].csv",0.775,5.4996e-05
"[C3-04-4um-05,SET-RESET,43,8_6_2024 4_50_52 PM].csv",0.825,8.536800000000001e-05
"[C3-04-4um-05,SET-RESET,43,8_6_2024 4_50_59 PM].csv",0.875,0.000131752
"[C3-04-4um-05,SET-RESET,43,8_6_2024 4_51_05 PM].csv",0.925,0.00023094
"[C3-04-4um-05,SET-RESET,43,8_6_2024 4_51_11 PM].csv",0.95,0.00019024
"[C3-04-4um-05,SET-RESET,43,8_6_2024 4_51_18 PM].csv",0.925,0.00016082000000000002
"[C3-04-4um-05,SET-RESET,43,8_6_2024 4_51_24 PM].csv",1.0,0.00014778000000000003
"[C3-04-4um-05,SET-RESET,43,8_6_2024 4_51_30 PM].csv",0.9,0.00010811400000000002
"[C3-04-4um-05,SET-RESET,43,8_6_2024 4_51_36 PM].csv",0.9,9.795999999999999e-05
"[C3-04-4um-05,SET-RESET,43,8_6_2024 4_51_43 PM].csv",0.975,0.00010617999999999999
"[C3-04-4um-05,SET-RESET,43,8_6_2024 4_51_49 PM].csv",0.925,0.00010418
"[C3-04-4um-05,SET-RESET,43,8_6_2024 4_51_55 PM].csv",0.925,0.00012632
"[C3-04-4um-05,SET-RESET,43,8_6_2024 4_52_02 PM].csv",0.9,6.042000000000002e-05
"[C3-04-4um-06,SET-RESET,45,8_6_2024 4_54_02 PM].csv",0.775,0.00022829999999999997
"[C3-04-4um-06,SET-RESET,45,8_6_2024 4_54_08 PM].csv",0.6,0.00012745
"[C3-04-4um-06,SET-RESET,45,8_6_2024 4_54_14 PM].csv",0.575,7.321800000000002e-05
"[C3-04-4um-06,SET-RESET,45,8_6_2024 4_54_20 PM].csv",0.625,0.00015262999999999995
"[C3-04-4um-06,SET-RESET,45,8_6_2024 4_54_26 PM].csv",0.675,0.00020635
"[C3-04-4um-06,SET-RESET,45,8_6_2024 4_54_32 PM].csv",0.75,0.0001047
"[C3-04-4um-06,SET-RESET,45,8_6_2024 4_54_38 PM].csv",0.675,0.00013011400000000002
"[C3-04-4um-06,SET-RESET,45,8_6_2024 4_54_45 PM].csv",0.675,9.704800000000001e-05
"[C3-04-4um-06,SET-RESET,45,8_6_2024 4_54_51 PM].csv",0.65,0.00012236000000000001
"[C3-04-4um-06,SET-RESET,45,8_6_2024 4_54_57 PM].csv",0.8,0.00015921999999999996
"[C3-04-4um-06,SET-RESET,45,8_6_2024 4_55_03 PM].csv",0.65,0.000252788
"[C3-04-4um-06,SET-RESET,45,8_6_2024 4_55_10 PM].csv",0.575,0.000153038
"[C3-04-4um-06,SET-RESET,45,8_6_2024 4_55_16 PM].csv",0.625,0.00020104600000000003
"[C3-04-4um-06,SET-RESET,45,8_6_2024 4_55_23 PM].csv",0.575,0.00012752800000000002
"[C3-04-4um-06,SET-RESET,45,8_6_2024 4_55_29 PM].csv",0.6,9.6658e-05
"[C3-04-4um-06,SET-RESET,45,8_6_2024 4_55_35 PM].csv",0.7,0.000191094
"[C3-04-4um-06,SET-RESET,45,8_6_2024 4_55_41 PM].csv",0.8,0.00010723999999999998
"[C3-04-4um-06,SET-RESET,45,8_6_2024 4_55_47 PM].csv",0.725,0.00020851000000000002
"[C3-04-4um-06,SET-RESET,45,8_6_2024 4_55_54 PM].csv",0.725,0.00021130999999999998
"[C3-04-4um-06,SET-RESET,45,8_6_2024 4_56_00 PM].csv",0.7,8.93e-05
"[C3-04-4um-07,SET-RESET,46,8_6_2024 4_57_24 PM].csv",1.125,0.00025039999999999996
"[C3-04-4um-07,SET-RESET,46,8_6_2024 4_57_31 PM].csv",0.6,0.000169326
"[C3-04-4um-07,SET-RESET,46,8_6_2024 4_57_37 PM].csv",0.775,0.00039648600000000004
"[C3-04-4um-07,SET-RESET,46,8_6_2024 4_57_44 PM].csv",0.7,0.000272198
"[C3-04-4um-07,SET-RESET,46,8_6_2024 4_57_50 PM].csv",0.425,0.00021932199999999998
"[C3-04-4um-07,SET-RESET,46,8_6_2024 4_57_56 PM].csv",0.75,0.000472086
"[C3-04-4um-07,SET-RESET,46,8_6_2024 4_58_03 PM].csv",0.7,0.00015318
"[C3-04-4um-07,SET-RESET,46,8_6_2024 4_58_09 PM].csv",0.575,0.000261854
"[C3-04-4um-07,SET-RESET,46,8_6_2024 4_58_15 PM].csv",0.725,0.000252578
"[C3-04-4um-07,SET-RESET,46,8_6_2024 4_58_21 PM].csv",0.825,0.00023032
"[C3-04-4um-07,SET-RESET,46,8_6_2024 4_58_27 PM].csv",0.95,0.00021346
"[C3-04-4um-07,SET-RESET,46,8_6_2024 4_58_33 PM].csv",0.65,0.00020320199999999998
"[C3-04-4um-07,SET-RESET,46,8_6_2024 4_58_40 PM].csv",0.575,0.00043353799999999997
"[C3-04-4um-07,SET-RESET,46,8_6_2024 4_58_46 PM].csv",0.65,0.000159412
"[C3-04-4um-07,SET-RESET,46,8_6_2024 4_58_53 PM].csv",0.675,0.000138968
"[C3-04-4um-07,SET-RESET,46,8_6_2024 4_58_59 PM].csv",0.75,0.000419802
"[C3-04-4um-07,SET-RESET,46,8_6_2024 4_59_05 PM].csv",0.75,0.000470366
"[C3-04-4um-07,SET-RESET,46,8_6_2024 4_59_12 PM].csv",0.875,0.00027042
"[C3-04-4um-07,SET-RESET,46,8_6_2024 4_59_18 PM].csv",0.775,0.00046758
"[C3-04-4um-07,SET-RESET,46,8_6_2024 4_59_25 PM].csv",0.75,0.000472556
"[C3-04-4um-08,SET-RESET,47,8_6_2024 5_01_03 PM].csv",1.2,0.00017423999999999999
"[C3-04-4um-08,SET-RESET,47,8_6_2024 5_01_10 PM].csv",0.7,0.00014610000000000003
"[C3-04-4um-08,SET-RESET,47,8_6_2024 5_01_16 PM].csv",0.8,0.00012229999999999996
"[C3-04-4um-08,SET-RESET,47,8_6_2024 5_01_22 PM].csv",1.025,8.419999999999999e-05
"[C3-04-4um-08,SET-RESET,47,8_6_2024 5_01_28 PM].csv",0.675,9.198600000000001e-05
"[C3-04-4um-08,SET-RESET,47,8_6_2024 5_01_35 PM].csv",0.85,5.68e-05
"[C3-04-4um-08,SET-RESET,47,8_6_2024 5_01_41 PM].csv",0.825,0.00010778400000000001
"[C3-04-4um-08,SET-RESET,47,8_6_2024 5_01_47 PM].csv",0.7,0.00025341599999999996
"[C3-04-4um-08,SET-RESET,47,8_6_2024 5_01_54 PM].csv",0.825,0.00021318
"[C3-04-4um-08,SET-RESET,47,8_6_2024 5_02_00 PM].csv",1.15,9.489999999999998e-05
"[C3-04-4um-08,SET-RESET,47,8_6_2024 5_02_07 PM].csv",0.875,0.00023714000000000002
"[C3-04-4um-08,SET-RESET,47,8_6_2024 5_02_13 PM].csv",1.025,0.00014190000000000003
"[C3-04-4um-08,SET-RESET,47,8_6_2024 5_02_19 PM].csv",1.15,0.00015464
"[C3-04-4um-08,SET-RESET,47,8_6_2024 5_02_26 PM].csv",1.0,0.00020636
"[C3-04-4um-08,SET-RESET,47,8_6_2024 5_02_32 PM].csv",1.075,8.395999999999998e-05
"[C3-04-4um-08,SET-RESET,47,8_6_2024 5_02_38 PM].csv",0.95,0.00021067999999999998
"[C3-04-4um-08,SET-RESET,47,8_6_2024 5_02_45 PM].csv",1.025,7.046e-05
"[C3-04-4um-08,SET-RESET,47,8_6_2024 5_02_51 PM].csv",0.875,0.00016225999999999998
"[C3-04-4um-08,SET-RESET,47,8_6_2024 5_02_57 PM].csv",0.85,0.00023659599999999997
"[C3-04-4um-08,SET-RESET,47,8_6_2024 5_03_04 PM].csv",1.0,0.0001845
"[C3-04-4um-09,SET-RESET,48,8_6_2024 5_06_44 PM].csv",1.45,0.00026612
"[C3-04-4um-09,SET-RESET,48,8_6_2024 5_06_50 PM].csv",1.325,0.0003137
"[C3-04-4um-09,SET-RESET,48,8_6_2024 5_06_57 PM].csv",1.175,0.00029452
"[C3-04-4um-09,SET-RESET,48,8_6_2024 5_07_03 PM].csv",0.95,0.00031946
"[C3-04-4um-09,SET-RESET,48,8_6_2024 5_07_09 PM].csv",0.875,0.0004910623
"[C3-04-4um-09,SET-RESET,48,8_6_2024 5_07_15 PM].csv",1.15,0.00034956
"[C3-04-4um-09,SET-RESET,48,8_6_2024 5_07_22 PM].csv",0.95,0.0004938688
"[C3-04-4um-09,SET-RESET,48,8_6_2024 5_07_28 PM].csv",0.95,0.0004930523
"[C3-04-4um-09,SET-RESET,48,8_6_2024 5_07_34 PM].csv",1.075,0.0004932873999999999
"[C3-04-4um-09,SET-RESET,48,8_6_2024 5_07_40 PM].csv",1.125,0.0004919891999999999
"[C3-04-4um-09,SET-RESET,48,8_6_2024 5_07_47 PM].csv",0.95,0.0004924979
"[C3-04-4um-09,SET-RESET,48,8_6_2024 5_07_53 PM].csv",1.325,0.00024405660000000002
"[C3-04-4um-09,SET-RESET,48,8_6_2024 5_07_59 PM].csv",1.05,0.0004911385
"[C3-04-4um-09,SET-RESET,48,8_6_2024 5_08_06 PM].csv",1.05,0.0004935552
"[C3-04-4um-09,SET-RESET,48,8_6_2024 5_08_12 PM].csv",0.95,0.0004933304
"[C3-04-4um-09,SET-RESET,48,8_6_2024 5_08_18 PM].csv",0.9,0.0004917836
"[C3-04-4um-09,SET-RESET,48,8_6_2024 5_08_24 PM].csv",1.0,0.0004932682
"[C3-04-4um-09,SET-RESET,48,8_6_2024 5_08_31 PM].csv",0.95,0.0004933217
"[C3-04-4um-09,SET-RESET,48,8_6_2024 5_08_37 PM].csv",0.8,0.000488576
"[C3-04-4um-09,SET-RESET,48,8_6_2024 5_08_44 PM].csv",1.025,0.0004932721
"[C3-04-4um-10,SET-RESET,49,8_6_2024 5_09_59 PM].csv",1.575,8.471999999999999e-05
"[C3-04-4um-10,SET-RESET,49,8_6_2024 5_10_05 PM].csv",1.1,0.00016244000000000002
"[C3-04-4um-10,SET-RESET,49,8_6_2024 5_10_11 PM].csv",1.025,0.00015286
"[C3-04-4um-10,SET-RESET,49,8_6_2024 5_10_17 PM].csv",0.7,0.00014696200000000002
"[C3-04-4um-10,SET-RESET,49,8_6_2024 5_10_23 PM].csv",0.975,0.00010722
"[C3-04-4um-10,SET-RESET,49,8_6_2024 5_10_30 PM].csv",0.65,0.00011423
"[C3-04-4um-10,SET-RESET,49,8_6_2024 5_10_36 PM].csv",0.925,0.00014846
"[C3-04-4um-10,SET-RESET,49,8_6_2024 5_10_42 PM].csv",1.15,0.00010718000000000001
"[C3-04-4um-10,SET-RESET,49,8_6_2024 5_10_49 PM].csv",0.95,0.00022671999999999997
"[C3-04-4um-10,SET-RESET,49,8_6_2024 5_10_55 PM].csv",0.775,0.00020349999999999999
"[C3-04-4um-10,SET-RESET,49,8_6_2024 5_11_02 PM].csv",1.05,0.00022040000000000002
"[C3-04-4um-10,SET-RESET,49,8_6_2024 5_11_08 PM].csv",1.1,0.00016529999999999998
"[C3-04-4um-10,SET-RESET,49,8_6_2024 5_11_14 PM].csv",1.125,0.00014410000000000003
"[C3-04-4um-10,SET-RESET,49,8_6_2024 5_11_21 PM].csv",1.05,0.00010594000000000003
"[C3-04-4um-10,SET-RESET,49,8_6_2024 5_11_27 PM].csv",0.7,0.00015653799999999998
"[C3-04-4um-10,SET-RESET,49,8_6_2024 5_11_33 PM].csv",0.7,0.00014905799999999998
"[C3-04-4um-10,SET-RESET,49,8_6_2024 5_11_39 PM].csv",1.025,0.00016325999999999998
"[C3-04-4um-10,SET-RESET,49,8_6_2024 5_11_46 PM].csv",1.075,0.00016538
"[C3-04-4um-10,SET-RESET,49,8_6_2024 5_11_52 PM].csv",1.075,0.00032290400000000005
"[C3-04-4um-10,SET-RESET,49,8_6_2024 5_11_59 PM].csv",1.1,0.000192172
"[C3-04-4um-11,SET-RESET,50,8_6_2024 5_13_00 PM].csv",0.725,0.000427228
"[C3-04-4um-11,SET-RESET,50,8_6_2024 5_13_06 PM].csv",0.7,0.000437632
"[C3-04-4um-11,SET-RESET,50,8_6_2024 5_13_12 PM].csv",0.775,0.00045482
"[C3-04-4um-11,SET-RESET,50,8_6_2024 5_13_18 PM].csv",0.675,0.00023635999999999997
"[C3-04-4um-11,SET-RESET,50,8_6_2024 5_13_25 PM].csv",0.7,0.000446898
"[C3-04-4um-11,SET-RESET,50,8_6_2024 5_13_31 PM].csv",0.775,0.000462738
"[C3-04-4um-11,SET-RESET,50,8_6_2024 5_13_37 PM].csv",0.775,0.00046064
"[C3-04-4um-11,SET-RESET,50,8_6_2024 5_13_44 PM].csv",0.875,0.00027548
"[C3-04-4um-11,SET-RESET,50,8_6_2024 5_13_50 PM].csv",0.875,0.00028984
"[C3-04-4um-11,SET-RESET,50,8_6_2024 5_13_56 PM].csv",0.7,0.000460616
"[C3-04-4um-11,SET-RESET,50,8_6_2024 5_14_02 PM].csv",0.875,0.000278518
"[C3-04-4um-11,SET-RESET,50,8_6_2024 5_14_09 PM].csv",0.675,0.00046388
"[C3-04-4um-11,SET-RESET,50,8_6_2024 5_14_15 PM].csv",0.675,0.000410334
"[C3-04-4um-11,SET-RESET,50,8_6_2024 5_14_21 PM].csv",0.85,0.00030934
"[C3-04-4um-11,SET-RESET,50,8_6_2024 5_14_28 PM].csv",0.925,0.00021462
"[C3-04-4um-11,SET-RESET,50,8_6_2024 5_14_34 PM].csv",0.675,0.000404926
"[C3-04-4um-11,SET-RESET,50,8_6_2024 5_14_40 PM].csv",0.825,0.00033722
"[C3-04-4um-11,SET-RESET,50,8_6_2024 5_14_47 PM].csv",0.8,0.000463958
"[C3-04-4um-11,SET-RESET,50,8_6_2024 5_14_53 PM].csv",0.75,0.00046238199999999995
"[C3-04-4um-11,SET-RESET,50,8_6_2024 5_15_00 PM].csv",0.8,0.000466244
"[C3-04-4um-12,SET-RESET,51,8_6_2024 5_16_07 PM].csv",1.1,0.00013910000000000002
"[C3-04-4um-12,SET-RESET,51,8_6_2024 5_16_13 PM].csv",0.975,0.00014628
"[C3-04-4um-12,SET-RESET,51,8_6_2024 5_16_19 PM].csv",0.625,0.000195108
"[C3-04-4um-12,SET-RESET,51,8_6_2024 5_16_25 PM].csv",0.675,0.00015341200000000001
"[C3-04-4um-12,SET-RESET,51,8_6_2024 5_16_31 PM].csv",0.775,0.00037074
"[C3-04-4um-12,SET-RESET,51,8_6_2024 5_16_38 PM].csv",0.65,0.00015844
"[C3-04-4um-12,SET-RESET,51,8_6_2024 5_16_44 PM].csv",0.8,0.00020201999999999997
"[C3-04-4um-12,SET-RESET,51,8_6_2024 5_16_50 PM].csv",0.8,0.00039106599999999997
"[C3-04-4um-12,SET-RESET,51,8_6_2024 5_16_57 PM].csv",0.95,0.00022244
"[C3-04-4um-12,SET-RESET,51,8_6_2024 5_17_03 PM].csv",0.875,0.00017887999999999997
"[C3-04-4um-12,SET-RESET,51,8_6_2024 5_17_09 PM].csv",0.95,0.0001954
"[C3-04-4um-12,SET-RESET,51,8_6_2024 5_17_16 PM].csv",0.925,0.00024588
"[C3-04-4um-12,SET-RESET,51,8_6_2024 5_17_22 PM].csv",0.775,0.00019356
"[C3-04-4um-12,SET-RESET,51,8_6_2024 5_17_28 PM].csv",0.85,0.00018525999999999997
"[C3-04-4um-12,SET-RESET,51,8_6_2024 5_17_34 PM].csv",0.9,0.00027352
"[C3-04-4um-12,SET-RESET,51,8_6_2024 5_17_41 PM].csv",0.975,0.00013348
"[C3-04-4um-12,SET-RESET,51,8_6_2024 5_17_47 PM].csv",0.75,0.00017895999999999998
"[C3-04-4um-12,SET-RESET,51,8_6_2024 5_17_53 PM].csv",0.975,0.00024106
"[C3-04-4um-12,SET-RESET,51,8_6_2024 5_18_01 PM].csv",0.675,0.000148648
"[C3-04-4um-12,SET-RESET,51,8_6_2024 5_18_07 PM].csv",0.975,0.00019175999999999997
"[C5-02-4um-01,SET-RESET,63,8_6_2024 5_56_10 PM].csv",0.8,0.00026464
"[C5-02-4um-01,SET-RESET,63,8_6_2024 5_56_16 PM].csv",0.9,0.00015413999999999998
"[C5-02-4um-01,SET-RESET,63,8_6_2024 5_56_22 PM].csv",0.675,0.000162762
"[C5-02-4um-01,SET-RESET,63,8_6_2024 5_56_29 PM].csv",0.7,0.000140298
"[C5-02-4um-01,SET-RESET,63,8_6_2024 5_56_35 PM].csv",0.825,0.000159612
"[C5-02-4um-01,SET-RESET,63,8_6_2024 5_56_42 PM].csv",0.7,0.000461554
"[C5-02-4um-01,SET-RESET,63,8_6_2024 5_56_48 PM].csv",0.75,0.00024089999999999997
"[C5-02-4um-01,SET-RESET,63,8_6_2024 5_56_54 PM].csv",0.525,0.000249282
"[C5-02-4um-01,SET-RESET,63,8_6_2024 5_57_00 PM].csv",0.875,0.00024522
"[C5-02-4um-01,SET-RESET,63,8_6_2024 5_57_06 PM].csv",0.85,0.00026198
"[C5-02-4um-01,SET-RESET,63,8_6_2024 5_57_13 PM].csv",0.825,0.00012441999999999998
"[C5-02-4um-01,SET-RESET,63,8_6_2024 5_57_19 PM].csv",0.65,0.000453928
"[C5-02-4um-01,SET-RESET,63,8_6_2024 5_57_25 PM].csv",0.75,0.000442732
"[C5-02-4um-01,SET-RESET,63,8_6_2024 5_57_31 PM].csv",0.8,0.0002814
"[C5-02-4um-01,SET-RESET,63,8_6_2024 5_57_38 PM].csv",0.8,0.0003253
"[C5-02-4um-01,SET-RESET,63,8_6_2024 5_57_44 PM].csv",0.75,0.000401004
"[C5-02-4um-01,SET-RESET,63,8_6_2024 5_57_50 PM].csv",0.7,0.00031298000000000003
"[C5-02-4um-01,SET-RESET,63,8_6_2024 5_57_57 PM].csv",0.775,0.00011196
"[C5-02-4um-01,SET-RESET,63,8_6_2024 5_58_03 PM].csv",0.875,0.00023841999999999998
"[C5-02-4um-01,SET-RESET,63,8_6_2024 5_58_10 PM].csv",0.95,0.00015608
"[C5-02-4um-02,SET-RESET,62,8_6_2024 5_52_53 PM].csv",1.025,0.00042541599999999997
"[C5-02-4um-02,SET-RESET,62,8_6_2024 5_52_59 PM].csv",0.85,0.00011651999999999995
"[C5-02-4um-02,SET-RESET,62,8_6_2024 5_53_05 PM].csv",0.6,0.000164854
"[C5-02-4um-02,SET-RESET,62,8_6_2024 5_53_12 PM].csv",0.625,0.000328228
"[C5-02-4um-02,SET-RESET,62,8_6_2024 5_53_18 PM].csv",0.925,0.00010164000000000001
"[C5-02-4um-02,SET-RESET,62,8_6_2024 5_53_24 PM].csv",0.725,9.978599999999998e-05
"[C5-02-4um-02,SET-RESET,62,8_6_2024 5_53_30 PM].csv",0.95,0.00014001999999999998
"[C5-02-4um-02,SET-RESET,62,8_6_2024 5_53_37 PM].csv",0.7,7.659999999999999e-05
"[C5-02-4um-02,SET-RESET,62,8_6_2024 5_53_43 PM].csv",0.65,0.00025304600000000004
"[C5-02-4um-02,SET-RESET,62,8_6_2024 5_53_49 PM].csv",0.6,0.00016522599999999998
"[C5-02-4um-02,SET-RESET,62,8_6_2024 5_53_55 PM].csv",0.625,0.000167576
"[C5-02-4um-02,SET-RESET,62,8_6_2024 5_54_01 PM].csv",0.7,0.00014853400000000002
"[C5-02-4um-02,SET-RESET,62,8_6_2024 5_54_08 PM].csv",0.85,0.00010327999999999997
"[C5-02-4um-02,SET-RESET,62,8_6_2024 5_54_14 PM].csv",0.9,9.042000000000002e-05
"[C5-02-4um-02,SET-RESET,62,8_6_2024 5_54_20 PM].csv",0.675,0.00010948200000000002
"[C5-02-4um-02,SET-RESET,62,8_6_2024 5_54_26 PM].csv",0.8,0.00012416
"[C5-02-4um-02,SET-RESET,62,8_6_2024 5_54_32 PM].csv",0.7,0.00013606
"[C5-02-4um-02,SET-RESET,62,8_6_2024 5_54_39 PM].csv",0.95,0.00013132000000000004
"[C5-02-4um-02,SET-RESET,62,8_6_2024 5_54_46 PM].csv",0.675,0.00011509600000000001
"[C5-02-4um-02,SET-RESET,62,8_6_2024 5_54_53 PM].csv",0.7,0.00012535999999999998
"[C5-02-4um-03,SET-RESET,61,8_6_2024 5_49_45 PM].csv",0.85,0.00018354
"[C5-02-4um-03,SET-RESET,61,8_6_2024 5_49_51 PM].csv",0.85,0.00017188000000000001
"[C5-02-4um-03,SET-RESET,61,8_6_2024 5_49_58 PM].csv",0.85,0.00017533999999999998
"[C5-02-4um-03,SET-RESET,61,8_6_2024 5_50_04 PM].csv",0.775,0.000160996
"[C5-02-4um-03,SET-RESET,61,8_6_2024 5_50_10 PM].csv",0.65,0.000258314
"[C5-02-4um-03,SET-RESET,61,8_6_2024 5_50_16 PM].csv",0.75,0.000361372
"[C5-02-4um-03,SET-RESET,61,8_6_2024 5_50_22 PM].csv",0.7,0.000319452
"[C5-02-4um-03,SET-RESET,61,8_6_2024 5_50_29 PM].csv",0.65,0.000346708
"[C5-02-4um-03,SET-RESET,61,8_6_2024 5_50_35 PM].csv",0.675,0.00036297
"[C5-02-4um-03,SET-RESET,61,8_6_2024 5_50_41 PM].csv",0.75,0.00032346
"[C5-02-4um-03,SET-RESET,61,8_6_2024 5_50_47 PM].csv",0.675,0.00035672
"[C5-02-4um-03,SET-RESET,61,8_6_2024 5_50_53 PM].csv",0.9,0.00028782
"[C5-02-4um-03,SET-RESET,61,8_6_2024 5_51_00 PM].csv",0.85,0.00033796
"[C5-02-4um-03,SET-RESET,61,8_6_2024 5_51_06 PM].csv",0.8,0.00047086
"[C5-02-4um-03,SET-RESET,61,8_6_2024 5_51_12 PM].csv",0.75,0.000482286
"[C5-02-4um-03,SET-RESET,61,8_6_2024 5_51_18 PM].csv",0.75,0.00047588
"[C5-02-4um-03,SET-RESET,61,8_6_2024 5_51_25 PM].csv",0.8,0.00048738
"[C5-02-4um-03,SET-RESET,61,8_6_2024 5_51_31 PM].csv",0.675,0.0002565095
"[C5-02-4um-03,SET-RESET,61,8_6_2024 5_51_37 PM].csv",0.75,0.00030674799999999997
"[C5-02-4um-03,SET-RESET,61,8_6_2024 5_51_43 PM].csv",0.825,0.0003239
"[C5-02-4um-04,SET-RESET,60,8_6_2024 5_46_35 PM].csv",0.875,0.00036556
"[C5-02-4um-04,SET-RESET,60,8_6_2024 5_46_41 PM].csv",0.725,0.00017312400000000003
"[C5-02-4um-04,SET-RESET,60,8_6_2024 5_46_47 PM].csv",0.825,0.00011927999999999998
"[C5-02-4um-04,SET-RESET,60,8_6_2024 5_46_53 PM].csv",0.8,0.0002559
"[C5-02-4um-04,SET-RESET,60,8_6_2024 5_46_59 PM].csv",0.8,0.00035484
"[C5-02-4um-04,SET-RESET,60,8_6_2024 5_47_05 PM].csv",0.7,0.000315064
"[C5-02-4um-04,SET-RESET,60,8_6_2024 5_47_11 PM].csv",0.55,0.000105086
"[C5-02-4um-04,SET-RESET,60,8_6_2024 5_47_18 PM].csv",0.475,5.4913999999999996e-05
"[C5-02-4um-04,SET-RESET,60,8_6_2024 5_47_24 PM].csv",0.5,0.000100752
"[C5-02-4um-04,SET-RESET,60,8_6_2024 5_47_31 PM].csv",0.7,0.000471794
"[C5-02-4um-04,SET-RESET,60,8_6_2024 5_47_37 PM].csv",0.775,0.000399356
"[C5-02-4um-04,SET-RESET,60,8_6_2024 5_47_43 PM].csv",0.775,0.00046304399999999997
"[C5-02-4um-04,SET-RESET,60,8_6_2024 5_47_50 PM].csv",0.775,0.000476498
"[C5-02-4um-04,SET-RESET,60,8_6_2024 5_47_56 PM].csv",0.875,0.00037027999999999996
"[C5-02-4um-04,SET-RESET,60,8_6_2024 5_48_03 PM].csv",0.7,0.000478594
"[C5-02-4um-04,SET-RESET,60,8_6_2024 5_48_09 PM].csv",0.825,0.00034264
"[C5-02-4um-04,SET-RESET,60,8_6_2024 5_48_16 PM].csv",0.675,0.000416842
"[C5-02-4um-04,SET-RESET,60,8_6_2024 5_48_22 PM].csv",0.95,0.00025524
"[C5-02-4um-04,SET-RESET,60,8_6_2024 5_48_29 PM].csv",0.6,0.00017570200000000002
"[C5-02-4um-04,SET-RESET,60,8_6_2024 5_48_35 PM].csv",0.675,0.000461086
"[C5-02-4um-05,SET-RESET,59,8_6_2024 5_43_32 PM].csv",0.775,0.0001890013
"[C5-02-4um-05,SET-RESET,59,8_6_2024 5_43_38 PM].csv",0.675,0.00012207799999999997
"[C5-02-4um-05,SET-RESET,59,8_6_2024 5_43_44 PM].csv",0.75,0.00010510999999999999
"[C5-02-4um-05,SET-RESET,59,8_6_2024 5_43_50 PM].csv",1.0,7.58e-05
"[C5-02-4um-05,SET-RESET,59,8_6_2024 5_43_56 PM].csv",0.75,0.00010546600000000001
"[C5-02-4um-05,SET-RESET,59,8_6_2024 5_44_02 PM].csv",0.8,0.00037366
"[C5-02-4um-05,SET-RESET,59,8_6_2024 5_44_09 PM].csv",0.875,0.00030274
"[C5-02-4um-05,SET-RESET,59,8_6_2024 5_44_15 PM].csv",0.875,0.00037074
"[C5-02-4um-05,SET-RESET,59,8_6_2024 5_44_21 PM].csv",0.925,0.00030066
"[C5-02-4um-05,SET-RESET,59,8_6_2024 5_44_28 PM].csv",0.85,0.000409408
"[C5-02-4um-05,SET-RESET,59,8_6_2024 5_44_35 PM].csv",1.0,0.00036412
"[C5-02-4um-05,SET-RESET,59,8_6_2024 5_44_41 PM].csv",1.05,0.00028166
"[C5-02-4um-05,SET-RESET,59,8_6_2024 5_44_47 PM].csv",0.9,0.0003557
"[C5-02-4um-05,SET-RESET,59,8_6_2024 5_44_54 PM].csv",0.875,0.000412954
"[C5-02-4um-05,SET-RESET,59,8_6_2024 5_45_00 PM].csv",0.975,0.00033208
"[C5-02-4um-05,SET-RESET,59,8_6_2024 5_45_06 PM].csv",0.975,0.00032792
"[C5-02-4um-05,SET-RESET,59,8_6_2024 5_45_13 PM].csv",0.875,0.000415188
"[C5-02-4um-05,SET-RESET,59,8_6_2024 5_45_19 PM].csv",0.975,0.00014474000000000003
"[C5-02-4um-05,SET-RESET,59,8_6_2024 5_45_24 PM].csv",0.825,0.00031252799999999996
"[C5-02-4um-05,SET-RESET,59,8_6_2024 5_45_31 PM].csv",0.875,0.00034874
"[C5-02-4um-06,SET-RESET,58,8_6_2024 5_40_10 PM].csv",1.025,0.00020519999999999997
"[C5-02-4um-06,SET-RESET,58,8_6_2024 5_40_16 PM].csv",0.75,0.0004322902
"[C5-02-4um-06,SET-RESET,58,8_6_2024 5_40_24 PM].csv",0.8,0.000476832
"[C5-02-4um-06,SET-RESET,58,8_6_2024 5_40_30 PM].csv",0.85,0.00048588
"[C5-02-4um-06,SET-RESET,58,8_6_2024 5_40_36 PM].csv",0.775,0.00048043799999999997
"[C5-02-4um-06,SET-RESET,58,8_6_2024 5_40_42 PM].csv",0.9,0.00036337999999999995
"[C5-02-4um-06,SET-RESET,58,8_6_2024 5_40_49 PM].csv",0.875,0.00037744000000000005
"[C5-02-4um-06,SET-RESET,58,8_6_2024 5_40_56 PM].csv",0.825,0.000388684
"[C5-02-4um-06,SET-RESET,58,8_6_2024 5_41_02 PM].csv",0.975,0.00034785999999999997
"[C5-02-4um-06,SET-RESET,58,8_6_2024 5_41_09 PM].csv",0.825,0.0004904107000000001
"[C5-02-4um-06,SET-RESET,58,8_6_2024 5_41_16 PM].csv",0.75,0.000455226
"[C5-02-4um-06,SET-RESET,58,8_6_2024 5_41_22 PM].csv",0.825,0.000475966
"[C5-02-4um-06,SET-RESET,58,8_6_2024 5_41_29 PM].csv",0.85,0.00049492
"[C5-02-4um-06,SET-RESET,58,8_6_2024 5_41_35 PM].csv",0.8,0.000489146
"[C5-02-4um-06,SET-RESET,58,8_6_2024 5_41_41 PM].csv",0.875,0.000492656
"[C5-02-4um-06,SET-RESET,58,8_6_2024 5_41_49 PM].csv",0.775,0.0004941383
"[C5-02-4um-06,SET-RESET,58,8_6_2024 5_41_55 PM].csv",0.85,0.0004925418
"[C5-02-4um-06,SET-RESET,58,8_6_2024 5_42_01 PM].csv",0.9,0.0004912495
"[C5-02-4um-06,SET-RESET,58,8_6_2024 5_42_07 PM].csv",0.8,0.00048562
"[C5-02-4um-06,SET-RESET,58,8_6_2024 5_42_13 PM].csv",0.775,0.0004919842
"[C5-02-4um-07,SET-RESET,57,8_6_2024 5_36_51 PM].csv",0.8,0.00018525999999999997
"[C5-02-4um-07,SET-RESET,57,8_6_2024 5_36_57 PM].csv",0.675,0.000185814
"[C5-02-4um-07,SET-RESET,57,8_6_2024 5_37_04 PM].csv",0.625,6.4622e-05
"[C5-02-4um-07,SET-RESET,57,8_6_2024 5_37_10 PM].csv",0.775,0.00022810400000000002
"[C5-02-4um-07,SET-RESET,57,8_6_2024 5_37_16 PM].csv",0.85,0.00019228
"[C5-02-4um-07,SET-RESET,57,8_6_2024 5_37_22 PM].csv",0.775,8.338e-05
"[C5-02-4um-07,SET-RESET,57,8_6_2024 5_37_29 PM].csv",0.8,0.000136062
"[C5-02-4um-07,SET-RESET,57,8_6_2024 5_37_36 PM].csv",0.725,0.000150092
"[C5-02-4um-07,SET-RESET,57,8_6_2024 5_37_42 PM].csv",0.875,7.040000000000003e-05
"[C5-02-4um-07,SET-RESET,57,8_6_2024 5_37_49 PM].csv",0.875,0.00012166
"[C5-02-4um-07,SET-RESET,57,8_6_2024 5_37_55 PM].csv",0.875,0.00014644000000000001
"[C5-02-4um-07,SET-RESET,57,8_6_2024 5_38_02 PM].csv",0.8,0.00011921999999999999
"[C5-02-4um-07,SET-RESET,57,8_6_2024 5_38_08 PM].csv",0.875,8.464000000000003e-05
"[C5-02-4um-07,SET-RESET,57,8_6_2024 5_38_15 PM].csv",0.8,0.00012336000000000004
"[C5-02-4um-07,SET-RESET,57,8_6_2024 5_38_21 PM].csv",0.925,0.00010092
"[C5-02-4um-07,SET-RESET,57,8_6_2024 5_38_28 PM].csv",0.85,0.00014072
"[C5-02-4um-07,SET-RESET,57,8_6_2024 5_38_34 PM].csv",0.85,0.00012377999999999998
"[C5-02-4um-07,SET-RESET,57,8_6_2024 5_38_40 PM].csv",0.9,0.00014522
"[C5-02-4um-07,SET-RESET,57,8_6_2024 5_38_46 PM].csv",0.925,6.91e-05
"[C5-02-4um-07,SET-RESET,57,8_6_2024 5_38_52 PM].csv",0.725,0.00016417799999999999
"[C5-02-4um-08,SET-RESET,56,8_6_2024 5_33_35 PM].csv",1.425,0.000498182
"[C5-02-4um-08,SET-RESET,56,8_6_2024 5_33_41 PM].csv",0.875,0.0004959284999999999
"[C5-02-4um-08,SET-RESET,56,8_6_2024 5_33_47 PM].csv",1.025,0.0004932927
"[C5-02-4um-08,SET-RESET,56,8_6_2024 5_33_53 PM].csv",1.075,0.0004965742
"[C5-02-4um-08,SET-RESET,56,8_6_2024 5_33_59 PM].csv",0.975,0.0004938181
"[C5-02-4um-08,SET-RESET,56,8_6_2024 5_34_06 PM].csv",1.1,0.0004957968
"[C5-02-4um-08,SET-RESET,56,8_6_2024 5_34_12 PM].csv",0.9,0.0004925220999999999
"[C5-02-4um-08,SET-RESET,56,8_6_2024 5_34_18 PM].csv",0.95,0.0004949927999999999
"[C5-02-4um-08,SET-RESET,56,8_6_2024 5_34_24 PM].csv",0.8,0.0002296827
"[C5-02-4um-08,SET-RESET,56,8_6_2024 5_34_30 PM].csv",0.925,0.0004947786
"[C5-02-4um-08,SET-RESET,56,8_6_2024 5_34_36 PM].csv",0.9,0.0004915649
"[C5-02-4um-08,SET-RESET,56,8_6_2024 5_34_42 PM].csv",1.0,0.0004923796
"[C5-02-4um-08,SET-RESET,56,8_6_2024 5_34_49 PM].csv",0.975,0.0004917173999999999
"[C5-02-4um-08,SET-RESET,56,8_6_2024 5_34_55 PM].csv",0.875,0.0002580893
"[C5-02-4um-08,SET-RESET,56,8_6_2024 5_35_01 PM].csv",0.85,0.0004960821
"[C5-02-4um-08,SET-RESET,56,8_6_2024 5_35_08 PM].csv",0.8,0.0002855006
"[C5-02-4um-08,SET-RESET,56,8_6_2024 5_35_14 PM].csv",0.875,0.000491579
"[C5-02-4um-08,SET-RESET,56,8_6_2024 5_35_20 PM].csv",0.725,0.0002749299
"[C5-02-4um-08,SET-RESET,56,8_6_2024 5_35_26 PM].csv",0.975,0.0004926937999999999
"[C5-02-4um-08,SET-RESET,56,8_6_2024 5_35_33 PM].csv",0.8,0.0004954404999999999
"[C5-02-4um-09,SET-RESET,55,8_6_2024 5_30_13 PM].csv",0.925,0.00011675999999999999
"[C5-02-4um-09,SET-RESET,55,8_6_2024 5_30_19 PM].csv",0.875,8.301999999999997e-05
"[C5-02-4um-09,SET-RESET,55,8_6_2024 5_30_25 PM].csv",0.85,7.7078e-05
"[C5-02-4um-09,SET-RESET,55,8_6_2024 5_30_31 PM].csv",0.775,0.000143194
"[C5-02-4um-09,SET-RESET,55,8_6_2024 5_30_38 PM].csv",0.825,0.00015807
"[C5-02-4um-09,SET-RESET,55,8_6_2024 5_30_45 PM].csv",0.9,0.000141392
"[C5-02-4um-09,SET-RESET,55,8_6_2024 5_30_50 PM].csv",1.075,9.251999999999996e-05
"[C5-02-4um-09,SET-RESET,55,8_6_2024 5_30_57 PM].csv",0.675,0.000252434
"[C5-02-4um-09,SET-RESET,55,8_6_2024 5_31_03 PM].csv",1.15,9.879999999999996e-05
"[C5-02-4um-09,SET-RESET,55,8_6_2024 5_31_10 PM].csv",0.625,0.00022809
"[C5-02-4um-09,SET-RESET,55,8_6_2024 5_31_16 PM].csv",0.9,0.00011938
"[C5-02-4um-09,SET-RESET,55,8_6_2024 5_31_22 PM].csv",0.65,0.0001738042
"[C5-02-4um-09,SET-RESET,55,8_6_2024 5_31_28 PM].csv",0.825,0.000181094
"[C5-02-4um-09,SET-RESET,55,8_6_2024 5_31_34 PM].csv",0.8,0.000182208
"[C5-02-4um-09,SET-RESET,55,8_6_2024 5_31_40 PM].csv",0.95,0.00022866
"[C5-02-4um-09,SET-RESET,55,8_6_2024 5_31_47 PM].csv",0.8,0.00018006400000000002
"[C5-02-4um-09,SET-RESET,55,8_6_2024 5_31_53 PM].csv",1.05,0.00015428000000000002
"[C5-02-4um-09,SET-RESET,55,8_6_2024 5_31_59 PM].csv",0.95,0.00017077999999999996
"[C5-02-4um-09,SET-RESET,55,8_6_2024 5_32_06 PM].csv",0.775,0.000133484
"[C5-02-4um-09,SET-RESET,55,8_6_2024 5_32_12 PM].csv",0.9,0.000279732
"[C5-02-4um-11,SET-RESET,53,8_6_2024 5_23_38 PM].csv",1.15,0.00017688
"[C5-02-4um-11,SET-RESET,53,8_6_2024 5_23_44 PM].csv",1.05,0.00029951999999999995
"[C5-02-4um-11,SET-RESET,53,8_6_2024 5_23_50 PM].csv",1.025,0.00022900000000000004
"[C5-02-4um-11,SET-RESET,53,8_6_2024 5_23_56 PM].csv",0.875,0.00033556
"[C5-02-4um-11,SET-RESET,53,8_6_2024 5_24_02 PM].csv",0.85,0.00019506000000000002
"[C5-02-4um-11,SET-RESET,53,8_6_2024 5_24_09 PM].csv",0.925,0.00018036000000000001
"[C5-02-4um-11,SET-RESET,53,8_6_2024 5_24_14 PM].csv",0.85,0.00026028
"[C5-02-4um-11,SET-RESET,53,8_6_2024 5_24_20 PM].csv",0.675,0.000480308
"[C5-02-4um-11,SET-RESET,53,8_6_2024 5_24_27 PM].csv",0.975,0.00018294000000000003
"[C5-02-4um-11,SET-RESET,53,8_6_2024 5_24_33 PM].csv",0.7,0.000450204
"[C5-02-4um-11,SET-RESET,53,8_6_2024 5_24_39 PM].csv",0.775,0.000474758
"[C5-02-4um-11,SET-RESET,53,8_6_2024 5_24_46 PM].csv",0.8,0.00047866
"[C5-02-4um-11,SET-RESET,53,8_6_2024 5_24_53 PM].csv",0.775,0.00039359
"[C5-02-4um-11,SET-RESET,53,8_6_2024 5_24_59 PM].csv",0.775,0.00047904999999999996
"[C5-02-4um-11,SET-RESET,53,8_6_2024 5_25_05 PM].csv",0.925,0.00020738
"[C5-02-4um-11,SET-RESET,53,8_6_2024 5_25_12 PM].csv",0.8,0.000419358
"[C5-02-4um-11,SET-RESET,53,8_6_2024 5_25_18 PM].csv",0.725,0.0004930863
"[C5-02-4um-11,SET-RESET,53,8_6_2024 5_25_25 PM].csv",0.9,0.0002690813
"[C5-02-4um-11,SET-RESET,53,8_6_2024 5_25_31 PM].csv",0.75,0.0001800036
"[C5-02-4um-11,SET-RESET,53,8_6_2024 5_25_38 PM].csv",1.075,0.0001557
"[C5-02-4um-12,SET-RESET,52,8_6_2024 5_20_15 PM].csv",1.025,0.00014837999999999999
"[C5-02-4um-12,SET-RESET,52,8_6_2024 5_20_21 PM].csv",0.75,0.000187342
"[C5-02-4um-12,SET-RESET,52,8_6_2024 5_20_28 PM].csv",0.825,0.000267964
"[C5-02-4um-12,SET-RESET,52,8_6_2024 5_20_34 PM].csv",0.7,0.000176896
"[C5-02-4um-12,SET-RESET,52,8_6_2024 5_20_40 PM].csv",0.65,0.000133444
"[C5-02-4um-12,SET-RESET,52,8_6_2024 5_20_47 PM].csv",0.925,0.00012708
"[C5-02-4um-12,SET-RESET,52,8_6_2024 5_20_53 PM].csv",0.925,0.00023828000000000003
"[C5-02-4um-12,SET-RESET,52,8_6_2024 5_20_59 PM].csv",0.925,0.0002452
"[C5-02-4um-12,SET-RESET,52,8_6_2024 5_21_06 PM].csv",0.875,0.000288416
"[C5-02-4um-12,SET-RESET,52,8_6_2024 5_21_13 PM].csv",0.825,0.000245496
"[C5-02-4um-12,SET-RESET,52,8_6_2024 5_21_20 PM].csv",0.8,0.000490696
"[C5-02-4um-12,SET-RESET,52,8_6_2024 5_21_26 PM].csv",0.825,0.00026564000000000004
"[C5-02-4um-12,SET-RESET,52,8_6_2024 5_21_32 PM].csv",0.875,0.000484918
"[C5-02-4um-12,SET-RESET,52,8_6_2024 5_21_38 PM].csv",0.85,0.00023302000000000002
"[C5-02-4um-12,SET-RESET,52,8_6_2024 5_21_45 PM].csv",0.95,0.0002143
"[C5-02-4um-12,SET-RESET,52,8_6_2024 5_21_51 PM].csv",0.775,0.0004901244999999999
"[C5-02-4um-12,SET-RESET,52,8_6_2024 5_21_57 PM].csv",0.8,0.0004899233
"[C5-02-4um-12,SET-RESET,52,8_6_2024 5_22_04 PM].csv",0.725,0.0004950315
"[C5-02-4um-12,SET-RESET,52,8_6_2024 5_22_10 PM].csv",0.8,0.0004903542
"[C5-02-4um-12,SET-RESET,52,8_6_2024 5_22_16 PM].csv",0.85,0.0004930036
"[C5-02-4um-12,SET-RESET,54,8_6_2024 5_26_58 PM].csv",1.075,0.00019348
"[C5-02-4um-12,SET-RESET,54,8_6_2024 5_27_04 PM].csv",0.7,0.00020486000000000001
"[C5-02-4um-12,SET-RESET,54,8_6_2024 5_27_10 PM].csv",0.95,0.000135986
"[C5-02-4um-12,SET-RESET,54,8_6_2024 5_27_16 PM].csv",1.0,0.00024702000000000003
"[C5-02-4um-12,SET-RESET,54,8_6_2024 5_27_22 PM].csv",0.75,0.000364794
"[C5-02-4um-12,SET-RESET,54,8_6_2024 5_27_29 PM].csv",0.8,0.00045861
"[C5-02-4um-12,SET-RESET,54,8_6_2024 5_27_35 PM].csv",0.85,0.000461734
"[C5-02-4um-12,SET-RESET,54,8_6_2024 5_27_42 PM].csv",0.95,0.000451908
"[C5-02-4um-12,SET-RESET,54,8_6_2024 5_27_48 PM].csv",0.925,0.000466486
"[C5-02-4um-12,SET-RESET,54,8_6_2024 5_27_54 PM].csv",0.8,0.00046703799999999997
"[C5-02-4um-12,SET-RESET,54,8_6_2024 5_28_00 PM].csv",0.825,0.00046423199999999997
"[C5-02-4um-12,SET-RESET,54,8_6_2024 5_28_06 PM].csv",0.925,0.00046541199999999995
"[C5-02-4um-12,SET-RESET,54,8_6_2024 5_28_12 PM].csv",0.9,0.00047814399999999995
"[C5-02-4um-12,SET-RESET,54,8_6_2024 5_28_18 PM].csv",0.975,0.000462608
"[C5-02-4um-12,SET-RESET,54,8_6_2024 5_28_25 PM].csv",1.05,0.000458998
"[C5-02-4um-12,SET-RESET,54,8_6_2024 5_28_31 PM].csv",1.1,0.000455682
"[C5-02-4um-12,SET-RESET,54,8_6_2024 5_28_37 PM].csv",0.8,0.000475172
"[C5-02-4um-12,SET-RESET,54,8_6_2024 5_28_43 PM].csv",0.875,0.000482446
"[C5-02-4um-12,SET-RESET,54,8_6_2024 5_28_50 PM].csv",0.875,0.000471268
"[C5-02-4um-12,SET-RESET,54,8_6_2024 5_28_56 PM].csv",1.075,0.000440116
"[D1-02-4um-01,SET-RESET,13,8_6_2024 1_18_52 PM].csv",0.125,7.780000000000005e-05
"[D1-02-4um-01,SET-RESET,13,8_6_2024 1_18_59 PM].csv",0.125,7.78e-05
"[D1-02-4um-01,SET-RESET,13,8_6_2024 1_19_06 PM].csv",0.125,7.772000000000004e-05
"[D1-02-4um-01,SET-RESET,13,8_6_2024 1_19_12 PM].csv",0.125,7.759999999999999e-05
"[D1-02-4um-01,SET-RESET,13,8_6_2024 1_19_18 PM].csv",0.125,7.778e-05
"[D1-02-4um-01,SET-RESET,13,8_6_2024 1_19_24 PM].csv",0.125,7.781999999999998e-05
"[D1-02-4um-01,SET-RESET,13,8_6_2024 1_19_30 PM].csv",0.125,7.774000000000002e-05
"[D1-02-4um-01,SET-RESET,13,8_6_2024 1_19_37 PM].csv",0.125,7.778e-05
"[D1-02-4um-01,SET-RESET,13,8_6_2024 1_19_43 PM].csv",0.125,7.774000000000002e-05
"[D1-02-4um-01,SET-RESET,13,8_6_2024 1_19_49 PM].csv",0.125,7.766000000000001e-05
"[D1-02-4um-01,SET-RESET,13,8_6_2024 1_19_55 PM].csv",0.125,7.758e-05
"[D1-02-4um-01,SET-RESET,13,8_6_2024 1_20_01 PM].csv",0.125,7.784000000000003e-05
"[D1-02-4um-01,SET-RESET,13,8_6_2024 1_20_07 PM].csv",0.125,7.786000000000002e-05
"[D1-02-4um-01,SET-RESET,13,8_6_2024 1_20_13 PM].csv",0.125,7.784000000000003e-05
"[D1-02-4um-01,SET-RESET,13,8_6_2024 1_20_20 PM].csv",0.125,7.784000000000003e-05
"[D1-02-4um-01,SET-RESET,13,8_6_2024 1_20_26 PM].csv",0.125,7.797999999999995e-05
"[D1-02-4um-01,SET-RESET,13,8_6_2024 1_20_33 PM].csv",0.125,7.803999999999998e-05
"[D1-02-4um-01,SET-RESET,13,8_6_2024 1_20_39 PM].csv",0.125,7.791999999999999e-05
"[D1-02-4um-01,SET-RESET,13,8_6_2024 1_20_45 PM].csv",0.125,7.776000000000001e-05
"[D1-02-4um-01,SET-RESET,13,8_6_2024 1_20_51 PM].csv",0.125,7.801999999999999e-05
"[D1-02-4um-01,SET-RESET,25,8_5_2024 3_13_21 PM].csv",1.05,0.00011832000000000005
"[D1-02-4um-01,SET-RESET,25,8_5_2024 3_13_27 PM].csv",0.85,0.00012482000000000001
"[D1-02-4um-01,SET-RESET,25,8_5_2024 3_13_33 PM].csv",0.725,0.00021942799999999997
"[D1-02-4um-01,SET-RESET,25,8_5_2024 3_13_39 PM].csv",0.85,0.00032898
"[D1-02-4um-01,SET-RESET,25,8_5_2024 3_13_45 PM].csv",0.95,0.00021274
"[D1-02-4um-01,SET-RESET,25,8_5_2024 3_13_52 PM].csv",0.775,0.00031257599999999996
"[D1-02-4um-01,SET-RESET,25,8_5_2024 3_13_58 PM].csv",1.0,0.00016914000000000002
"[D1-02-4um-01,SET-RESET,25,8_5_2024 3_14_04 PM].csv",0.975,0.00020484000000000002
"[D1-02-4um-01,SET-RESET,25,8_5_2024 3_14_10 PM].csv",0.825,0.00019742000000000002
"[D1-02-4um-01,SET-RESET,25,8_5_2024 3_14_16 PM].csv",1.075,0.00012871999999999997
"[D1-02-4um-01,SET-RESET,25,8_5_2024 3_14_22 PM].csv",0.975,0.0002404
"[D1-02-4um-01,SET-RESET,25,8_5_2024 3_14_29 PM].csv",0.825,0.00019376000000000002
"[D1-02-4um-01,SET-RESET,25,8_5_2024 3_14_35 PM].csv",0.875,0.000231322
"[D1-02-4um-01,SET-RESET,25,8_5_2024 3_14_41 PM].csv",1.0,0.00027276000000000004
"[D1-02-4um-01,SET-RESET,25,8_5_2024 3_14_48 PM].csv",1.025,0.00025666
"[D1-02-4um-01,SET-RESET,25,8_5_2024 3_14_54 PM].csv",1.05,0.00016092
"[D1-02-4um-01,SET-RESET,25,8_5_2024 3_15_00 PM].csv",0.975,0.0002649
"[D1-02-4um-01,SET-RESET,25,8_5_2024 3_15_06 PM].csv",0.725,0.000113526
"[D1-02-4um-01,SET-RESET,25,8_5_2024 3_15_14 PM].csv",0.65,7.882600000000001e-05
"[D1-02-4um-01,SET-RESET,25,8_5_2024 3_15_20 PM].csv",0.825,0.00016928
"[D1-02-4um-02,SET-RESET,14,8_6_2024 1_24_33 PM].csv",0.125,7.620000000000001e-05
"[D1-02-4um-02,SET-RESET,14,8_6_2024 1_24_39 PM].csv",0.125,7.625999999999998e-05
"[D1-02-4um-02,SET-RESET,14,8_6_2024 1_24_45 PM].csv",0.125,7.622e-05
"[D1-02-4um-02,SET-RESET,14,8_6_2024 1_24_51 PM].csv",0.125,7.625999999999998e-05
"[D1-02-4um-02,SET-RESET,14,8_6_2024 1_24_57 PM].csv",0.125,7.628000000000002e-05
"[D1-02-4um-02,SET-RESET,14,8_6_2024 1_25_03 PM].csv",0.125,7.623999999999999e-05
"[D1-02-4um-02,SET-RESET,14,8_6_2024 1_25_10 PM].csv",0.125,7.623999999999999e-05
"[D1-02-4um-02,SET-RESET,14,8_6_2024 1_25_17 PM].csv",0.125,7.612e-05
"[D1-02-4um-02,SET-RESET,14,8_6_2024 1_25_23 PM].csv",0.125,7.612e-05
"[D1-02-4um-02,SET-RESET,14,8_6_2024 1_25_29 PM].csv",0.125,7.607999999999996e-05
"[D1-02-4um-02,SET-RESET,14,8_6_2024 1_25_35 PM].csv",0.125,7.618000000000002e-05
"[D1-02-4um-02,SET-RESET,14,8_6_2024 1_25_41 PM].csv",0.125,7.608000000000002e-05
"[D1-02-4um-02,SET-RESET,14,8_6_2024 1_25_47 PM].csv",0.125,7.585999999999997e-05
"[D1-02-4um-02,SET-RESET,14,8_6_2024 1_25_53 PM].csv",0.125,7.587999999999996e-05
"[D1-02-4um-02,SET-RESET,14,8_6_2024 1_25_59 PM].csv",0.125,7.587999999999996e-05
"[D1-02-4um-02,SET-RESET,14,8_6_2024 1_26_05 PM].csv",0.125,7.591999999999999e-05
"[D1-02-4um-02,SET-RESET,14,8_6_2024 1_26_12 PM].csv",0.125,7.59e-05
"[D1-02-4um-02,SET-RESET,14,8_6_2024 1_26_18 PM].csv",0.125,7.58e-05
"[D1-02-4um-02,SET-RESET,14,8_6_2024 1_26_24 PM].csv",0.125,7.568000000000001e-05
"[D1-02-4um-02,SET-RESET,14,8_6_2024 1_26_31 PM].csv",0.125,7.573999999999998e-05
"[D1-02-4um-02,SET-RESET,26,8_5_2024 3_16_26 PM].csv",0.725,0.00012325
"[D1-02-4um-02,SET-RESET,26,8_5_2024 3_16_32 PM].csv",0.75,0.00013542
"[D1-02-4um-02,SET-RESET,26,8_5_2024 3_16_38 PM].csv",0.725,8.795999999999999e-05
"[D1-02-4um-02,SET-RESET,26,8_5_2024 3_16_44 PM].csv",0.7,0.00018870400000000001
"[D1-02-4um-02,SET-RESET,26,8_5_2024 3_16_50 PM].csv",0.825,9.319999999999999e-05
"[D1-02-4um-02,SET-RESET,26,8_5_2024 3_16_57 PM].csv",0.8,0.00010513999999999999
"[D1-02-4um-02,SET-RESET,26,8_5_2024 3_17_03 PM].csv",0.7,0.00015455599999999998
"[D1-02-4um-02,SET-RESET,26,8_5_2024 3_17_09 PM].csv",0.9,0.0001406
"[D1-02-4um-02,SET-RESET,26,8_5_2024 3_17_15 PM].csv",0.8,9.376e-05
"[D1-02-4um-02,SET-RESET,26,8_5_2024 3_17_21 PM].csv",0.725,0.000353642
"[D1-02-4um-02,SET-RESET,26,8_5_2024 3_17_28 PM].csv",0.75,0.00013670399999999997
"[D1-02-4um-02,SET-RESET,26,8_5_2024 3_17_34 PM].csv",0.8,7.894e-05
"[D1-02-4um-02,SET-RESET,26,8_5_2024 3_17_40 PM].csv",0.95,0.00011912000000000001
"[D1-02-4um-02,SET-RESET,26,8_5_2024 3_17_47 PM].csv",0.725,0.000114604
"[D1-02-4um-02,SET-RESET,26,8_5_2024 3_17_54 PM].csv",0.9,0.00011912000000000001
"[D1-02-4um-02,SET-RESET,26,8_5_2024 3_18_00 PM].csv",0.925,0.00010172000000000002
"[D1-02-4um-02,SET-RESET,26,8_5_2024 3_18_07 PM].csv",0.95,0.00011837999999999996
"[D1-02-4um-02,SET-RESET,26,8_5_2024 3_18_13 PM].csv",0.925,9.321999999999998e-05
"[D1-02-4um-02,SET-RESET,26,8_5_2024 3_18_19 PM].csv",0.8,8.430000000000002e-05
"[D1-02-4um-02,SET-RESET,26,8_5_2024 3_18_25 PM].csv",0.85,9.737999999999997e-05
"[D1-02-4um-03,SET-RESET,15,8_6_2024 1_47_44 PM].csv",0.45,3.847999999999997e-05
"[D1-02-4um-03,SET-RESET,15,8_6_2024 1_47_50 PM].csv",0.475,4.3079999999999974e-05
"[D1-02-4um-03,SET-RESET,27,8_5_2024 3_19_41 PM].csv",1.325,0.00018164
"[D1-02-4um-03,SET-RESET,27,8_5_2024 3_19_47 PM].csv",0.775,0.000275118
"[D1-02-4um-03,SET-RESET,27,8_5_2024 3_19_54 PM].csv",0.85,0.00022111999999999997
"[D1-02-4um-03,SET-RESET,27,8_5_2024 3_20_00 PM].csv",1.1,0.00017717999999999998
"[D1-02-4um-03,SET-RESET,27,8_5_2024 3_20_06 PM].csv",1.05,0.00023707999999999997
"[D1-02-4um-03,SET-RESET,27,8_5_2024 3_20_12 PM].csv",0.925,0.0002276
"[D1-02-4um-03,SET-RESET,27,8_5_2024 3_20_18 PM].csv",1.0,0.00025351999999999997
"[D1-02-4um-03,SET-RESET,27,8_5_2024 3_20_25 PM].csv",1.2,0.00019652000000000005
"[D1-02-4um-03,SET-RESET,27,8_5_2024 3_20_31 PM].csv",0.825,0.00031811999999999997
"[D1-02-4um-03,SET-RESET,27,8_5_2024 3_20_38 PM].csv",1.125,0.00025016
"[D1-02-4um-03,SET-RESET,27,8_5_2024 3_20_45 PM].csv",0.8,0.000459786
"[D1-02-4um-03,SET-RESET,27,8_5_2024 3_20_51 PM].csv",1.025,0.00019502
"[D1-02-4um-03,SET-RESET,27,8_5_2024 3_20_57 PM].csv",1.05,0.00027678
"[D1-02-4um-03,SET-RESET,27,8_5_2024 3_21_04 PM].csv",1.175,0.00025336
"[D1-02-4um-03,SET-RESET,27,8_5_2024 3_21_10 PM].csv",1.0,0.0003051
"[D1-02-4um-03,SET-RESET,27,8_5_2024 3_21_17 PM].csv",0.925,0.000254364
"[D1-02-4um-03,SET-RESET,27,8_5_2024 3_21_23 PM].csv",0.85,0.000125246
"[D1-02-4um-03,SET-RESET,27,8_5_2024 3_21_29 PM].csv",1.0,0.00022554000000000004
"[D1-02-4um-03,SET-RESET,27,8_5_2024 3_21_36 PM].csv",0.8,0.000193764
"[D1-02-4um-03,SET-RESET,27,8_5_2024 3_21_42 PM].csv",0.95,0.00013063999999999998
"[D1-02-4um-04,SET-RESET,16,8_6_2024 2_28_18 PM].csv",1.175,0.00013215999999999998
"[D1-02-4um-04,SET-RESET,16,8_6_2024 2_28_24 PM].csv",0.625,0.00046110599999999997
"[D1-02-4um-04,SET-RESET,16,8_6_2024 2_28_30 PM].csv",0.8,0.00028676
"[D1-02-4um-04,SET-RESET,16,8_6_2024 2_28_36 PM].csv",0.875,0.0001915
"[D1-02-4um-04,SET-RESET,16,8_6_2024 2_28_43 PM].csv",0.825,0.00031276
"[D1-02-4um-04,SET-RESET,16,8_6_2024 2_28_50 PM].csv",0.875,0.000428252
"[D1-02-4um-04,SET-RESET,16,8_6_2024 2_28_57 PM].csv",1.0,0.00020117999999999997
"[D1-02-4um-04,SET-RESET,16,8_6_2024 2_29_03 PM].csv",0.95,0.000400044
"[D1-02-4um-04,SET-RESET,16,8_6_2024 2_29_09 PM].csv",1.025,0.00018884
"[D1-02-4um-04,SET-RESET,16,8_6_2024 2_29_15 PM].csv",0.95,0.0002228
"[D1-02-4um-04,SET-RESET,16,8_6_2024 2_29_21 PM].csv",1.025,0.00036132
"[D1-02-4um-04,SET-RESET,16,8_6_2024 2_29_27 PM].csv",1.025,0.000397144
"[D1-02-4um-04,SET-RESET,16,8_6_2024 2_29_33 PM].csv",1.0,0.00034752
"[D1-02-4um-04,SET-RESET,16,8_6_2024 2_29_39 PM].csv",1.0,0.000412624
"[D1-02-4um-04,SET-RESET,16,8_6_2024 2_29_46 PM].csv",0.975,0.000327312
"[D1-02-4um-04,SET-RESET,16,8_6_2024 2_29_52 PM].csv",1.0,0.00039222199999999996
"[D1-02-4um-04,SET-RESET,16,8_6_2024 2_29_58 PM].csv",1.075,0.00035736
"[D1-02-4um-04,SET-RESET,16,8_6_2024 2_30_04 PM].csv",1.025,0.00038769
"[D1-02-4um-04,SET-RESET,16,8_6_2024 2_30_10 PM].csv",0.725,0.00048550599999999997
"[D1-02-4um-04,SET-RESET,16,8_6_2024 2_30_17 PM].csv",1.025,0.00035937999999999996
"[D1-02-4um-04,SET-RESET,28,8_5_2024 3_23_18 PM].csv",0.925,0.00016670200000000002
"[D1-02-4um-04,SET-RESET,28,8_5_2024 3_23_32 PM].csv",4.8,4.3480000000000006e-07
"[D1-02-4um-04,SET-RESET,28,8_5_2024 3_23_41 PM].csv",4.9750000000000005,0.0004991018
"[D1-02-4um-04,SET-RESET,28,8_5_2024 3_23_47 PM].csv",0.7,0.00011748
"[D1-02-4um-04,SET-RESET,28,8_5_2024 3_23_53 PM].csv",0.625,0.00035244599999999997
"[D1-02-4um-04,SET-RESET,28,8_5_2024 3_23_59 PM].csv",0.7,0.00011813999999999998
"[D1-02-4um-04,SET-RESET,28,8_5_2024 3_24_06 PM].csv",0.825,7.039999999999998e-05
"[D1-02-4um-04,SET-RESET,28,8_5_2024 3_24_12 PM].csv",0.65,0.000161794
"[D1-02-4um-04,SET-RESET,28,8_5_2024 3_24_18 PM].csv",0.7,0.000395032
"[D1-02-4um-04,SET-RESET,28,8_5_2024 3_24_24 PM].csv",0.75,0.00014800000000000002
"[D1-02-4um-04,SET-RESET,28,8_5_2024 3_24_30 PM].csv",0.625,0.000144978
"[D1-02-4um-04,SET-RESET,28,8_5_2024 3_24_36 PM].csv",0.675,0.00013348
"[D1-02-4um-04,SET-RESET,28,8_5_2024 3_24_43 PM].csv",0.625,0.000179132
"[D1-02-4um-04,SET-RESET,28,8_5_2024 3_24_49 PM].csv",0.675,0.000146502
"[D1-02-4um-04,SET-RESET,28,8_5_2024 3_24_55 PM].csv",0.725,0.00016639999999999998
"[D1-02-4um-04,SET-RESET,28,8_5_2024 3_25_01 PM].csv",0.675,0.000128426
"[D1-02-4um-04,SET-RESET,28,8_5_2024 3_25_07 PM].csv",0.7,0.000124508
"[D1-02-4um-04,SET-RESET,28,8_5_2024 3_25_14 PM].csv",0.8,0.00017690000000000002
"[D1-02-4um-04,SET-RESET,28,8_5_2024 3_25_21 PM].csv",0.825,0.00033128
"[D1-02-4um-04,SET-RESET,28,8_5_2024 3_25_27 PM].csv",0.85,0.00028914
"[D1-02-4um-05,SET-RESET,17,8_6_2024 2_31_27 PM].csv",0.95,0.000219826
"[D1-02-4um-05,SET-RESET,17,8_6_2024 2_31_33 PM].csv",0.55,0.000165912
"[D1-02-4um-05,SET-RESET,17,8_6_2024 2_31_40 PM].csv",0.95,0.00023436000000000003
"[D1-02-4um-05,SET-RESET,17,8_6_2024 2_31_46 PM].csv",0.525,0.000126706
"[D1-02-4um-05,SET-RESET,17,8_6_2024 2_31_52 PM].csv",0.975,0.00029028
"[D1-02-4um-05,SET-RESET,17,8_6_2024 2_31_58 PM].csv",0.7,0.00022257599999999996
"[D1-02-4um-05,SET-RESET,17,8_6_2024 2_32_04 PM].csv",0.775,7.946e-05
"[D1-02-4um-05,SET-RESET,17,8_6_2024 2_32_10 PM].csv",0.65,0.000171554
"[D1-02-4um-05,SET-RESET,17,8_6_2024 2_32_17 PM].csv",0.6,0.000129604
"[D1-02-4um-05,SET-RESET,17,8_6_2024 2_32_23 PM].csv",0.575,6.962799999999999e-05
"[D1-02-4um-05,SET-RESET,17,8_6_2024 2_32_29 PM].csv",0.7,0.0001479
"[D1-02-4um-05,SET-RESET,17,8_6_2024 2_32_35 PM].csv",0.7,0.000167916
"[D1-02-4um-05,SET-RESET,17,8_6_2024 2_32_41 PM].csv",0.625,0.000102788
"[D1-02-4um-05,SET-RESET,17,8_6_2024 2_32_48 PM].csv",0.75,0.00013968
"[D1-02-4um-05,SET-RESET,17,8_6_2024 2_32_54 PM].csv",0.675,0.000128508
"[D1-02-4um-05,SET-RESET,17,8_6_2024 2_33_01 PM].csv",0.775,0.00015500000000000003
"[D1-02-4um-05,SET-RESET,17,8_6_2024 2_33_07 PM].csv",0.675,0.000133846
"[D1-02-4um-05,SET-RESET,17,8_6_2024 2_33_14 PM].csv",0.775,0.00014893999999999997
"[D1-02-4um-05,SET-RESET,17,8_6_2024 2_33_20 PM].csv",0.85,0.00019782000000000003
"[D1-02-4um-05,SET-RESET,17,8_6_2024 2_33_26 PM].csv",0.9,0.00018488
"[D1-02-4um-05,SET-RESET,29,8_5_2024 3_26_42 PM].csv",0.775,0.00020085399999999998
"[D1-02-4um-05,SET-RESET,29,8_5_2024 3_26_48 PM].csv",0.75,0.00019776
"[D1-02-4um-05,SET-RESET,29,8_5_2024 3_26_55 PM].csv",0.7,0.000209442
"[D1-02-4um-05,SET-RESET,29,8_5_2024 3_27_01 PM].csv",0.8,0.00016233999999999997
"[D1-02-4um-05,SET-RESET,29,8_5_2024 3_27_07 PM].csv",0.725,7.164000000000004e-05
"[D1-02-4um-05,SET-RESET,29,8_5_2024 3_27_13 PM].csv",0.65,7.286e-05
"[D1-02-4um-05,SET-RESET,29,8_5_2024 3_27_20 PM].csv",0.875,0.00021946
"[D1-02-4um-05,SET-RESET,29,8_5_2024 3_27_26 PM].csv",0.775,0.00013328
"[D1-02-4um-05,SET-RESET,29,8_5_2024 3_27_32 PM].csv",0.7,0.000125124
"[D1-02-4um-05,SET-RESET,29,8_5_2024 3_27_38 PM].csv",0.725,0.00017189
"[D1-02-4um-05,SET-RESET,29,8_5_2024 3_27_44 PM].csv",0.725,0.000275016
"[D1-02-4um-05,SET-RESET,29,8_5_2024 3_27_50 PM].csv",0.75,0.000112634
"[D1-02-4um-05,SET-RESET,29,8_5_2024 3_27_56 PM].csv",0.8,0.00019706
"[D1-02-4um-05,SET-RESET,29,8_5_2024 3_28_03 PM].csv",0.75,8.186e-05
"[D1-02-4um-05,SET-RESET,29,8_5_2024 3_28_09 PM].csv",0.85,0.0001467
"[D1-02-4um-05,SET-RESET,29,8_5_2024 3_28_16 PM].csv",0.7,0.00019278599999999997
"[D1-02-4um-05,SET-RESET,29,8_5_2024 3_28_23 PM].csv",0.575,0.000101986
"[D1-02-4um-05,SET-RESET,29,8_5_2024 3_28_29 PM].csv",0.675,0.000145058
"[D1-02-4um-05,SET-RESET,29,8_5_2024 3_28_35 PM].csv",0.675,0.00018307000000000002
"[D1-02-4um-05,SET-RESET,29,8_5_2024 3_28_41 PM].csv",0.7,0.00020043400000000004
"[D1-02-4um-06,SET-RESET,30,8_5_2024 3_30_05 PM].csv",1.125,0.000444314
"[D1-02-4um-06,SET-RESET,30,8_5_2024 3_30_11 PM].csv",1.0,0.00047300799999999997
"[D1-02-4um-06,SET-RESET,30,8_5_2024 3_30_17 PM].csv",1.275,0.00040867999999999997
"[D1-02-4um-06,SET-RESET,30,8_5_2024 3_30_23 PM].csv",0.875,0.00047643399999999997
"[D1-02-4um-06,SET-RESET,30,8_5_2024 3_30_30 PM].csv",0.9,0.000479414
"[D1-02-4um-06,SET-RESET,30,8_5_2024 3_30_35 PM].csv",1.2,0.000460266
"[D1-02-4um-06,SET-RESET,30,8_5_2024 3_30_42 PM].csv",0.875,0.000482248
"[D1-02-4um-06,SET-RESET,30,8_5_2024 3_30_48 PM].csv",1.125,0.000477324
"[D1-02-4um-06,SET-RESET,30,8_5_2024 3_30_54 PM].csv",0.975,0.00047765
"[D1-02-4um-06,SET-RESET,30,8_5_2024 3_31_01 PM].csv",0.925,0.00047724199999999995
"[D1-02-4um-06,SET-RESET,30,8_5_2024 3_31_07 PM].csv",1.075,0.000466178
"[D1-02-4um-06,SET-RESET,30,8_5_2024 3_31_14 PM].csv",0.75,0.00047272
"[D1-02-4um-06,SET-RESET,30,8_5_2024 3_31_20 PM].csv",1.025,0.000477506
"[D1-02-4um-06,SET-RESET,30,8_5_2024 3_31_27 PM].csv",0.9,0.00047536199999999995
"[D1-02-4um-06,SET-RESET,30,8_5_2024 3_31_33 PM].csv",0.925,0.00048080599999999996
"[D1-02-4um-06,SET-RESET,30,8_5_2024 3_31_45 PM].csv",1.575,0.00047371
"[D1-02-4um-06,SET-RESET,30,8_5_2024 3_31_52 PM].csv",3.45,0.0004999480000000001
"[D1-02-4um-07,SET-RESET,31,8_5_2024 3_49_55 PM].csv",0.125,9.959999999999998e-05
"[D1-02-4um-07,SET-RESET,31,8_5_2024 3_50_01 PM].csv",0.075,9.999999999999996e-05
"[D1-02-4um-07,SET-RESET,31,8_5_2024 3_50_07 PM].csv",0.1,9.996000000000001e-05
"[D1-02-4um-07,SET-RESET,31,8_5_2024 3_50_13 PM].csv",0.075,0.0001002
"[D1-02-4um-07,SET-RESET,31,8_5_2024 3_50_19 PM].csv",0.1,0.00010026000000000002
"[D1-02-4um-07,SET-RESET,31,8_5_2024 3_50_25 PM].csv",0.075,0.00010037999999999998
"[D1-02-4um-08,SET-RESET,32,8_5_2024 3_51_29 PM].csv",0.875,0.00011412949999999999
"[D1-02-4um-08,SET-RESET,32,8_5_2024 3_51_35 PM].csv",4.15,0.00036374
"[D1-02-4um-08,SET-RESET,32,8_5_2024 3_51_41 PM].csv",0.625,0.00011234
"[D1-02-4um-08,SET-RESET,32,8_5_2024 3_51_48 PM].csv",0.6,0.000163642
"[D1-02-4um-08,SET-RESET,32,8_5_2024 3_51_53 PM].csv",0.625,0.00019397799999999998
"[D1-02-4um-08,SET-RESET,32,8_5_2024 3_51_59 PM].csv",0.6,0.000120864
"[D1-02-4um-08,SET-RESET,32,8_5_2024 3_52_05 PM].csv",0.725,0.00020292000000000004
"[D1-02-4um-08,SET-RESET,32,8_5_2024 3_52_12 PM].csv",0.625,0.000140562
"[D1-02-4um-08,SET-RESET,32,8_5_2024 3_52_19 PM].csv",0.725,0.00013091999999999997
"[D1-02-4um-08,SET-RESET,32,8_5_2024 3_52_25 PM].csv",0.775,0.00025214
"[D1-02-4um-08,SET-RESET,32,8_5_2024 3_52_31 PM].csv",0.65,8.920000000000003e-05
"[D1-02-4um-08,SET-RESET,32,8_5_2024 3_52_38 PM].csv",0.725,0.00028658
"[D1-02-4um-08,SET-RESET,32,8_5_2024 3_52_44 PM].csv",0.75,0.00025576
"[D1-02-4um-08,SET-RESET,32,8_5_2024 3_52_50 PM].csv",0.65,0.000447118
"[D1-02-4um-08,SET-RESET,32,8_5_2024 3_52_57 PM].csv",0.8,0.00022369999999999996
"[D1-02-4um-08,SET-RESET,32,8_5_2024 3_53_03 PM].csv",0.725,0.000349764
"[D1-02-4um-08,SET-RESET,32,8_5_2024 3_53_09 PM].csv",0.75,0.00047011
"[D1-02-4um-08,SET-RESET,32,8_5_2024 3_53_15 PM].csv",0.85,0.00025062000000000006
"[D1-02-4um-08,SET-RESET,32,8_5_2024 3_53_22 PM].csv",0.725,0.00029160000000000004
"[D1-02-4um-08,SET-RESET,32,8_5_2024 3_53_28 PM].csv",0.7,0.000423856
"[D1-02-4um-09,SET-RESET,33,8_5_2024 3_54_41 PM].csv",0.075,9.564e-05
"[D1-02-4um-09,SET-RESET,33,8_5_2024 3_54_47 PM].csv",0.075,9.556000000000001e-05
"[D1-02-4um-09,SET-RESET,33,8_5_2024 3_54_53 PM].csv",0.125,9.559999999999999e-05
"[D1-02-4um-09,SET-RESET,33,8_5_2024 3_54_59 PM].csv",0.1,9.554000000000002e-05
"[D1-02-4um-09,SET-RESET,33,8_5_2024 3_55_05 PM].csv",0.075,9.549999999999999e-05
"[D1-02-4um-09,SET-RESET,33,8_5_2024 3_55_11 PM].csv",0.125,9.557999999999995e-05
"[D1-02-4um-09,SET-RESET,33,8_5_2024 3_55_17 PM].csv",0.1,9.556000000000001e-05
"[D1-02-4um-09,SET-RESET,33,8_5_2024 3_55_24 PM].csv",0.1,9.558e-05
"[D1-02-4um-09,SET-RESET,33,8_5_2024 3_55_30 PM].csv",0.075,9.549999999999999e-05
"[D1-02-4um-09,SET-RESET,33,8_5_2024 3_55_36 PM].csv",0.075,9.562000000000001e-05
"[D1-02-4um-09,SET-RESET,33,8_5_2024 3_55_43 PM].csv",0.125,9.557999999999995e-05
"[D1-02-4um-09,SET-RESET,33,8_5_2024 3_55_50 PM].csv",0.125,9.556000000000001e-05
"[D1-02-4um-09,SET-RESET,33,8_5_2024 3_55_56 PM].csv",0.1,9.555999999999996e-05
"[D1-02-4um-09,SET-RESET,33,8_5_2024 3_56_02 PM].csv",0.1,9.558e-05
"[D1-02-4um-09,SET-RESET,33,8_5_2024 3_56_08 PM].csv",0.075,9.551999999999998e-05
"[D1-02-4um-09,SET-RESET,33,8_5_2024 3_56_14 PM].csv",0.125,9.555999999999996e-05
"[D1-02-4um-09,SET-RESET,33,8_5_2024 3_56_20 PM].csv",0.075,9.557999999999998e-05
"[D1-02-4um-10,SET-RESET,34,8_5_2024 3_57_21 PM].csv",0.15,6.590000000000003e-05
"[D1-02-4um-11,SET-RESET,35,8_5_2024 4_06_01 PM].csv",0.925,0.00045629
"[D1-02-4um-11,SET-RESET,35,8_5_2024 4_06_07 PM].csv",0.825,0.00011678000000000003
"[D1-02-4um-11,SET-RESET,35,8_5_2024 4_06_13 PM].csv",0.625,0.000182212
"[D1-02-4um-11,SET-RESET,35,8_5_2024 4_06_19 PM].csv",0.65,0.000151296
"[D1-02-4um-11,SET-RESET,35,8_5_2024 4_06_25 PM].csv",0.8,0.000223138
"[D1-02-4um-11,SET-RESET,35,8_5_2024 4_06_31 PM].csv",0.75,0.000128746
"[D1-02-4um-11,SET-RESET,35,8_5_2024 4_06_37 PM].csv",0.8,0.00017495200000000003
"[D1-02-4um-11,SET-RESET,35,8_5_2024 4_06_44 PM].csv",0.925,0.0001583
"[D1-02-4um-11,SET-RESET,35,8_5_2024 4_06_50 PM].csv",0.8,9.523999999999999e-05
"[D1-02-4um-11,SET-RESET,35,8_5_2024 4_06_56 PM].csv",0.8,0.0001653
"[D1-02-4um-11,SET-RESET,35,8_5_2024 4_07_03 PM].csv",0.75,9.279000000000001e-05
"[D1-02-4um-11,SET-RESET,35,8_5_2024 4_07_09 PM].csv",0.7,0.000250124
"[D1-02-4um-11,SET-RESET,35,8_5_2024 4_07_15 PM].csv",0.675,0.000159622
"[D1-02-4um-11,SET-RESET,35,8_5_2024 4_07_21 PM].csv",0.625,0.000128404
"[D1-02-4um-11,SET-RESET,35,8_5_2024 4_07_27 PM].csv",0.775,0.00020406199999999997
"[D1-02-4um-11,SET-RESET,35,8_5_2024 4_07_33 PM].csv",0.65,0.00014641399999999998
"[D1-02-4um-11,SET-RESET,35,8_5_2024 4_07_39 PM].csv",0.6,6.134e-05
"[D1-02-4um-11,SET-RESET,35,8_5_2024 4_07_45 PM].csv",0.625,0.00010726400000000001
"[D1-02-4um-11,SET-RESET,35,8_5_2024 4_07_52 PM].csv",0.65,9.654999999999999e-05
"[D1-02-4um-11,SET-RESET,35,8_5_2024 4_07_58 PM].csv",0.675,0.00010067399999999999
"[D1-02-4um-12,SET-RESET,36,8_5_2024 4_09_10 PM].csv",1.05,0.0003894295
"[D1-02-4um-12,SET-RESET,36,8_5_2024 4_09_16 PM].csv",0.675,0.000287466
"[D1-02-4um-12,SET-RESET,36,8_5_2024 4_09_22 PM].csv",0.85,0.000475702
"[D1-02-4um-12,SET-RESET,36,8_5_2024 4_09_28 PM].csv",0.675,0.0004928959999999999
"[D1-02-4um-12,SET-RESET,36,8_5_2024 4_09_35 PM].csv",0.925,0.000482072
"[D1-02-4um-12,SET-RESET,36,8_5_2024 4_09_41 PM].csv",0.675,0.00026858000000000003
"[D1-02-4um-12,SET-RESET,36,8_5_2024 4_09_47 PM].csv",0.85,0.000346344
"[D1-02-4um-12,SET-RESET,36,8_5_2024 4_09_54 PM].csv",0.775,0.000313646
"[D1-02-4um-12,SET-RESET,36,8_5_2024 4_10_01 PM].csv",0.75,0.0002101114
"[D1-02-4um-12,SET-RESET,36,8_5_2024 4_10_07 PM].csv",0.75,0.000477266
"[D1-02-4um-12,SET-RESET,36,8_5_2024 4_10_14 PM].csv",0.8,0.00048205
"[D1-02-4um-12,SET-RESET,36,8_5_2024 4_10_20 PM].csv",0.825,0.00048643
"[D1-02-4um-12,SET-RESET,36,8_5_2024 4_10_27 PM].csv",0.725,0.00048101999999999997
"[D1-02-4um-12,SET-RESET,36,8_5_2024 4_10_33 PM].csv",0.8,0.00023202
"[D1-02-4um-12,SET-RESET,36,8_5_2024 4_10_39 PM].csv",0.875,0.000486044
"[D1-02-4um-12,SET-RESET,36,8_5_2024 4_10_46 PM].csv",0.8,0.00048138399999999996
"[D1-02-4um-12,SET-RESET,36,8_5_2024 4_10_52 PM].csv",0.625,0.000470524
"[D1-02-4um-12,SET-RESET,36,8_5_2024 4_10_58 PM].csv",0.825,0.0003296709
"[D1-02-4um-12,SET-RESET,36,8_5_2024 4_11_04 PM].csv",0.675,0.0001836252
"[D1-02-4um-12,SET-RESET,36,8_5_2024 4_11_10 PM].csv",0.825,0.00020237999999999994
